Symbol,Company Name
RELIANCE,Reliance Industries Limited
TCS,Tata Consultancy Services Limited
HDFCBANK,HDFC Bank Limited
INFY,Infosys Limited
ICICIBANK,ICICI Bank Limited
HINDUNILVR,Hindustan Unilever Limited
SBIN,State Bank of India
HDFC,Housing Development Finance Corporation Limited
BHARTIARTL,Bharti Airtel Limited
ADANIENT,Adani Enterprises Limited
LICI,Life Insurance Corporation Of India
ITC,ITC Limited
ATGL,Adani Total Gas Limited
BAJFINANCE,Bajaj Finance Limited
KOTAKBANK,Kotak Mahindra Bank Limited
ADANIGREEN,Adani Green Energy Limited
ASIANPAINT,Asian Paints Limited
LT,Larsen & Toubro Limited
ADANITRANS,Adani Transmission Limited
AXISBANK,Axis Bank Limited
HCLTECH,HCL Technologies Limited
DMART,Avenue Supermarts Limited
MARUTI,Maruti Suzuki India Limited
BAJAJFINSV,Bajaj Finserv Limited
SUNPHARMA,Sun Pharmaceutical Industries Limited
TITAN,Titan Company Limited
WIPRO,Wipro Limited
ULTRACEMCO,UltraTech Cement Limited
JSWSTEEL,JSW Steel Limited
ONGC,Oil & Natural Gas Corporation Limited
ADANIPORTS,Adani Ports and Special Economic Zone Limited
NTPC,NTPC Limited
M&M,Mahindra & Mahindra Limited
POWERGRID,Power Grid Corporation of India Limited
COALINDIA,Coal India Limited
TATASTEEL,Tata Steel Limited
HINDZINC,Hindustan Zinc Limited
PIDILITIND,Pidilite Industries Limited
LTIM,LTIMindtree Limited
TATAMOTORS,Tata Motors Limited
SBILIFE,SBI Life Insurance Company Limited
HDFCLIFE,HDFC Life Insurance Company Limited
ADANIPOWER,Adani Power Limited
VEDL,Vedanta Limited
GRASIM,Grasim Industries Limited
IOC,Indian Oil Corporation Limited
HINDALCO,Hindalco Industries Limited
AMBUJACEM,Ambuja Cements Limited
BRITANNIA,Britannia Industries Limited
BAJAJ-AUTO,Bajaj Auto Limited
SIEMENS,Siemens Limited
DABUR,Dabur India Limited
TECHM,Tech Mahindra Limited
BANKBARODA,Bank of Baroda
INDUSINDBK,IndusInd Bank Limited
DLF,DLF Limited
DIVISLAB,Divi's Laboratories Limited
GODREJCP,Godrej Consumer Products Limited
EICHERMOT,Eicher Motors Limited
CIPLA,Cipla Limited
VBL,Varun Beverages Limited
HAL,Hindustan Aeronautics Limited
SHREECEM,SHREE CEMENT LIMITED
AWL,Adani Wilmar Limited
INDIGO,InterGlobe Aviation Limited
SBICARD,SBI Cards and Payment Services Limited
BEL,Bharat Electronics Limited
BPCL,Bharat Petroleum Corporation Limited
TATACONSUM,TATA CONSUMER PRODUCTS LIMITED
DRREDDY,Dr. Reddy's Laboratories Limited
HAVELLS,Havells India Limited
SRF,SRF Limited
TATAPOWER,Tata Power Company Limited
MARICO,Marico Limited
ICICIPRULI,ICICI Prudential Life Insurance Company Limited
APOLLOHOSP,Apollo Hospitals Enterprise Limited
BAJAJHLDNG,Bajaj Holdings & Investment Limited
MCDOWELL-N,United Spirits Limited
GAIL,GAIL (India) Limited
PNB,Punjab National Bank
ICICIGI,ICICI Lombard General Insurance Company Limited
IOB,Indian Overseas Bank
CANBK,Canara Bank
CHOLAFIN,Cholamandalam Investment and Finance Company Limited
YESBANK,Yes Bank Limited
JINDALSTEL,Jindal Steel & Power Limited
IDBI,IDBI Bank Limited
ABB,ABB India Limited
BERGEPAINT,Berger Paints (I) Limited
UNIONBANK,Union Bank of India
HEROMOTOCO,Hero MotoCorp Limited
UPL,UPL Limited
TIINDIA,Tube Investments of India Limited
LODHA,Macrotech Developers Limited
TORNTPHARM,Torrent Pharmaceuticals Limited
PIIND,PI Industries Limited
TVSMOTOR,TVS Motor Company Limited
INDUSTOWER,Indus Towers Limited
IRCTC,Indian Railway Catering And Tourism Corporation Limited
BOSCHLTD,Bosch Limited
NAUKRI,Info Edge (India) Limited
ZOMATO,Zomato Limited
MOTHERSON,Samvardhana Motherson International Limited
TRENT,Trent Limited
PAGEIND,Page Industries Limited
JSWENERGY,JSW Energy Limited
PGHH,Procter & Gamble Hygiene and Health Care Limited
HDFCAMC,HDFC Asset Management Company Limited
ACC,ACC Limited
INDHOTEL,The Indian Hotels Company Limited
CONCOR,Container Corporation of India Limited
UBL,United Breweries Limited
NYKAA,FSN E-Commerce Ventures Limited
AUBANK,AU Small Finance Bank Limited
PATANJALI,Patanjali Foods Limited
SCHAEFFLER,Schaeffler India Limited
MUTHOOTFIN,Muthoot Finance Limited
MAXHEALTH,Max Healthcare Institute Limited
IRFC,Indian Railway Finance Corporation Limited
ZYDUSLIFE,Zydus Lifesciences Limited
ASHOKLEY,Ashok Leyland Limited
COLPAL,Colgate Palmolive (India) Limited
CGPOWER,CG Power and Industrial Solutions Limited
BALKRISIND,Balkrishna Industries Limited
BHARATFORG,Bharat Forge Limited
NHPC,NHPC Limited
SOLARINDS,Solar Industries India Limited
ASTRAL,Astral Limited
TATAELXSI,Tata Elxsi Limited
LTTS,L&T Technology Services Limited
POLYCAB,Polycab India Limited
CUMMINSIND,Cummins India Limited
BANDHANBNK,Bandhan Bank Limited
UCOBANK,UCO Bank
MRF,MRF Limited
PFC,Power Finance Corporation Limited
SHRIRAMFIN,Shriram Finance Limited
MPHASIS,MphasiS Limited
HONAUT,Honeywell Automation India Limited
IDFCFIRSTB,IDFC First Bank Limited
TATACOMM,Tata Communications Limited
ABCAPITAL,Aditya Birla Capital Limited
BANKINDIA,Bank of India
NMDC,NMDC Limited
ALKEM,Alkem Laboratories Limited
INDIANB,Indian Bank
DALBHARAT,Dalmia Bharat Limited
PAYTM,One 97 Communications Limited
FLUOROCHEM,Gujarat Fluorochemicals Limited
SAIL,Steel Authority of India Limited
GODREJPROP,Godrej Properties Limited
JUBLFOOD,Jubilant Foodworks Limited
GUJGASLTD,Gujarat Gas Limited
LUPIN,Lupin Limited
HINDPETRO,Hindustan Petroleum Corporation Limited
STARHEALTH,Star Health and Allied Insurance Company Limited
MANYAVAR,Vedant Fashions Limited
PETRONET,Petronet LNG Limited
OBEROIRLTY,Oberoi Realty Limited
BIOCON,Biocon Limited
GICRE,General Insurance Corporation of India
SUPREMEIND,Supreme Industries Limited
RECLTD,REC Limited
APLAPOLLO,APL Apollo Tubes Limited
UNOMINDA,UNO Minda Limited
PERSISTENT,Persistent Systems Limited
FEDERALBNK,The Federal Bank  Limited
LINDEINDIA,Linde India Limited
M&MFIN,Mahindra & Mahindra Financial Services Limited
IGL,Indraprastha Gas Limited
ESCORTS,Escorts Kubota Limited
CENTRALBK,Central Bank of India
BHEL,Bharat Heavy Electricals Limited
ABFRL,Aditya Birla Fashion and Retail Limited
DEEPAKNTR,Deepak Nitrite Limited
VOLTAS,Voltas Limited
OFSS,Oracle Financial Services Software Limited
COROMANDEL,Coromandel International Limited
GLAND,Gland Pharma Limited
MSUMI,Motherson Sumi Wiring India Limited
AUROPHARMA,Aurobindo Pharma Limited
SUNDARMFIN,Sundaram Finance Limited
PHOENIXLTD,The Phoenix Mills Limited
IDEA,Vodafone Idea Limited
3MINDIA,3M India Limited
SONACOMS,Sona BLW Precision Forgings Limited
ATUL,Atul Limited
SUMICHEM,Sumitomo Chemical India Limited
AIAENG,AIA Engineering Limited
FACT,Fertilizers and Chemicals Travancore Limited
DELHIVERY,Delhivery Limited
METROBRAND,Metro Brands Limited
GMRINFRA,GMR Airports Infrastructure Limited
TATACHEM,Tata Chemicals Limited
COFORGE,Coforge Limited
KANSAINER,Kansai Nerolac Paints Limited
TORNTPOWER,Torrent Power Limited
POONAWALLA,Poonawalla Fincorp Limited
SYNGENE,Syngene International Limited
THERMAX,Thermax Limited
MFSL,Max Financial Services Limited
TIMKEN,Timken India Limited
DIXON,Dixon Technologies (India) Limited
ZEEL,Zee Entertainment Enterprises Limited
PSB,Punjab & Sind Bank
LICHSGFIN,LIC Housing Finance Limited
RELAXO,Relaxo Footwears Limited
OIL,Oil India Limited
JKCEMENT,JK Cement Limited
CRISIL,CRISIL Limited
GLAXO,GlaxoSmithKline Pharmaceuticals Limited
SKFINDIA,SKF India Limited
AARTIIND,Aarti Industries Limited
DEVYANI,Devyani International Limited
L&TFH,L&T Finance Holdings Limited
RAJESHEXPO,Rajesh Exports Limited
FORTIS,Fortis Healthcare Limited
CROMPTON,Crompton Greaves Consumer Electricals Limited
IPCALAB,IPCA Laboratories Limited
BATAINDIA,Bata India Limited
NIACL,The New India Assurance Company Limited
APOLLOTYRE,Apollo Tyres Limited
MAHABANK,Bank of Maharashtra
VINATIORGA,Vinati Organics Limited
SUNDRMFAST,Sundram Fasteners Limited
PFIZER,Pfizer Limited
HATSUN,Hatsun Agro Product Limited
POLICYBZR,PB Fintech Limited
LAURUSLABS,Laurus Labs Limited
NAVINFLUOR,Navin Fluorine International Limited
PEL,Piramal Enterprises Limited
GRINDWELL,Grindwell Norton Limited
ENDURANCE,Endurance Technologies Limited
KPITTECH,KPIT Technologies Limited
SUNTV,Sun TV Network Limited
WHIRLPOOL,Whirlpool of India Limited
LALPATHLAB,Dr. Lal Path Labs Ltd.
EMAMILTD,Emami Limited
PRESTIGE,Prestige Estates Projects Limited
KAJARIACER,Kajaria Ceramics Limited
BLUEDART,Blue Dart Express Limited
IIFL,IIFL Finance Limited
TTML,Tata Teleservices (Maharashtra) Limited
FIVESTAR,Five-Star Business Finance Limited
KPRMILL,K.P.R. Mill Limited
FINEORG,Fine Organic Industries Limited
IRB,IRB Infrastructure Developers Limited
TRIDENT,Trident Limited
BDL,Bharat Dynamics Limited
ZFCVINDIA,ZF Commercial Vehicle Control Systems India Limited
CARBORUNIV,Carborundum Universal Limited
RAMCOCEM,The Ramco Cements Limited
GILLETTE,Gillette India Limited
ISEC,ICICI Securities Limited
MAZDOCK,Mazagon Dock Shipbuilders Limited
CLEAN,Clean Science and Technology Limited
IIFLWAM,Iifl Wealth Management Limited
NH,Narayana Hrudayalaya Ltd.
AJANTPHARM,Ajanta Pharma Limited
NAM-INDIA,Nippon Life India Asset Management Limited
EXIDEIND,Exide Industries Limited
APTUS,Aptus Value Housing Finance India Limited
JBCHEPHARM,JB Chemicals & Pharmaceuticals Limited
GSPL,Gujarat State Petronet Limited
NATIONALUM,National Aluminium Company Limited
AAVAS,Aavas Financiers Limited
GODREJIND,Godrej Industries Limited
AFFLE,Affle (India) Limited
CREDITACC,CREDITACCESS GRAMEEN LIMITED
RVNL,Rail Vikas Nigam Limited
POWERINDIA,Hitachi Energy India Limited
REDINGTON,Redington Limited
DCMSHRIRAM,DCM Shriram Limited
BAJAJELEC,Bajaj Electricals Limited
KIOCL,KIOCL Limited
RATNAMANI,Ratnamani Metals & Tubes Limited
PPLPHARMA,Piramal Pharma Limited
ALKYLAMINE,Alkyl Amines Chemicals Limited
RADICO,Radico Khaitan Limited
RHIM,RHI MAGNESITA INDIA LIMITED
SANOFI,Sanofi India Limited
SJVN,SJVN Limited
CUB,City Union Bank Limited
ELGIEQUIP,Elgi Equipments Limited
INDIAMART,Indiamart Intermesh Limited
CGCL,Capri Global Capital Limited
KEI,KEI Industries Limited
ABSLAMC,Aditya Birla Sun Life AMC Limited
MAHINDCIE,Mahindra CIE Automotive Limited
NUVOCO,Nuvoco Vistas Corporation Limited
KALYANKJIL,Kalyan Jewellers India Limited
IDFC,IDFC Limited
LAXMIMACH,Lakshmi Machine Works Limited
HAPPSTMNDS,Happiest Minds Technologies Limited
CHAMBLFERT,Chambal Fertilizers & Chemicals Limited
ASAHIINDIA,Asahi India Glass Limited
KEC,KEC International Limited
SFL,Sheela Foam Limited
SUVENPHAR,Suven Pharmaceuticals Limited
CAMPUS,Campus Activewear Limited
IEX,Indian Energy Exchange Limited
MEDANTA,Global Health Limited
JSL,Jindal Stainless Limited
KIMS,Krishna Institute of Medical Sciences Limited
RENUKA,Shree Renuka Sugars Limited
BASF,BASF India Limited
AEGISCHEM,Aegis Logistics Limited
CASTROLIND,Castrol India Limited
GLENMARK,Glenmark Pharmaceuticals Limited
NLCINDIA,NLC India Limited
CDSL,Central Depository Services (India) Limited
FINPIPE,Finolex Industries Limited
BLUESTARCO,Blue Star Limited
ASTERDM,Aster DM Healthcare Limited
CENTURYPLY,Century Plyboards (India) Limited
VGUARD,V-Guard Industries Limited
APLLTD,Alembic Pharmaceuticals Limited
TTKPRESTIG,TTK Prestige Limited
EIHOTEL,EIH Limited
GRINFRA,G R Infraprojects Limited
ANGELONE,Angel One Limited
UTIAMC,UTI Asset Management Company Limited
CAMS,Computer Age Management Services Limited
BIKAJI,Bikaji Foods International Limited
RBLBANK,RBL Bank Limited
BRIGADE,Brigade Enterprises Limited
TATAINVEST,Tata Investment Corporation Limited
SUZLON,Suzlon Energy Limited
HINDCOPPER,Hindustan Copper Limited
PVR,PVR Limited
AETHER,Aether Industries Limited
HUDCO,Housing & Urban Development Corporation Limited
JSLHISAR,Jindal Stainless (Hisar) Limited
CHOLAHLDNG,Cholamandalam Financial Holdings Limited
GODFRYPHLP,Godfrey Phillips India Limited
NATCOPHARM,Natco Pharma Limited
HFCL,HFCL Limited
MOTILALOFS,Motilal Oswal Financial Services Limited
CESC,CESC Limited
SUNCLAYLTD,Sundaram Clayton Limited
AKZOINDIA,Akzo Nobel India Limited
EIDPARRY,EID Parry India Limited
ALLCARGO,Allcargo Logistics Limited
ITI,ITI Limited
MRPL,Mangalore Refinery and Petrochemicals Limited
MANAPPURAM,Manappuram Finance Limited
RAYMOND,Raymond Limited
AMARAJABAT,Amara Raja Batteries Limited
TANLA,Tanla Platforms Limited
JKLAKSHMI,JK Lakshmi Cement Limited
ZYDUSWELL,Zydus Wellness Limited
GESHIP,The Great Eastern Shipping Company Limited
VTL,Vardhman Textiles Limited
VIPIND,VIP Industries Limited
KRBL,KRBL Limited
EASEMYTRIP,Easy Trip Planners Limited
KARURVYSYA,Karur Vysya Bank Limited
DEEPAKFERT,Deepak Fertilizers and Petrochemicals Corporation Limited
GODREJAGRO,Godrej Agrovet Limited
PNBHOUSING,PNB Housing Finance Limited
CYIENT,Cyient Limited
TEJASNET,Tejas Networks Limited
ERIS,Eris Lifesciences Limited
BALAMINES,Balaji Amines Limited
GALAXYSURF,Galaxy Surfactants Limited
GNFC,Gujarat Narmada Valley Fertilizers and Chemicals Limited
POLYMED,Poly Medicure Limited
JINDWORLD,Jindal Worldwide Limited
SAPPHIRE,Sapphire Foods India Limited
JUBLINGREA,Jubilant Ingrevia Limited
TRITURBINE,Triveni Turbine Limited
FINCABLES,Finolex Cables Limited
KALPATPOWR,Kalpataru Power Transmission Limited
MGL,Mahanagar Gas Limited
ASTRAZEN,AstraZeneca Pharma India Limited
BSOFT,BIRLASOFT LIMITED
RITES,RITES Limited
BALRAMCHIN,Balrampur Chini Mills Limited
SWANENERGY,Swan Energy Limited
CENTURYTEX,Century Textiles & Industries Limited
SHYAMMETL,Shyam Metalics and Energy Limited
SONATSOFTW,Sonata Software Limited
LXCHEM,Laxmi Organic Industries Limited
SHOPERSTOP,Shoppers Stop Limited
ALOKINDS,Alok Industries Limited
GRANULES,Granules India Limited
WELSPUNIND,Welspun India Limited
TMB,Tamilnad Mercantile Bank Limited
ROUTE,ROUTE MOBILE LIMITED
BIRLACORPN,Birla Corporation Limited
LATENTVIEW,Latent View Analytics Limited
JYOTHYLAB,Jyothy Labs Limited
RAINBOW,Rainbow Childrens Medicare Limited
SPLPETRO,Supreme Petrochem Limited
SAREGAMA,Saregama India Limited
RCF,Rashtriya Chemicals and Fertilizers Limited
PNCINFRA,PNC Infratech Limited
BSE,BSE Limited
CRAFTSMAN,Craftsman Automation Limited
MEDPLUS,Medplus Health Services Limited
EQUITASBNK,Equitas Small Finance Bank Limited
IBULHSGFIN,Indiabulls Housing Finance Limited
GRAPHITE,Graphite India Limited
ANURAS,Anupam Rasayan India Limited
CHEMPLASTS,Chemplast Sanmar Limited
KNRCON,KNR Constructions Limited
FSL,Firstsource Solutions Limited
CHALET,Chalet Hotels Limited
CANFINHOME,Can Fin Homes Limited
GMMPFAUDLR,GMM Pfaudler Limited
CCL,CCL Products (India) Limited
COCHINSHIP,Cochin Shipyard Limited
STLTECH,Sterlite Technologies Limited
NBCC,NBCC (India) Limited
HGS,Hinduja Global Solutions Limited
JKPAPER,JK Paper Limited
NETWORK18,Network18 Media & Investments Limited
TCIEXP,TCI Express Limited
APARINDS,Apar Industries Limited
JMFINANCIL,JM Financial Limited
TRIVENI,Triveni Engineering & Industries Limited
METROPOLIS,Metropolis Healthcare Limited
BLS,BLS International Services Limited
LEMONTREE,Lemon Tree Hotels Limited
CERA,Cera Sanitaryware Limited
INDIACEM,The India Cements Limited
KSB,Ksb Limited
CEATLTD,CEAT Limited
BORORENEW,BOROSIL RENEWABLES LIMITED
PRINCEPIPE,Prince Pipes And Fittings Limited
PGHL,Procter & Gamble Health Limited
PRAJIND,Praj Industries Limited
ECLERX,eClerx Services Limited
ACI,Archean Chemical Industries Limited
GOCOLORS,Go Fashion (India) Limited
HOMEFIRST,Home First Finance Company India Limited
GARFIBRES,Garware Technical Fibres Limited
ESABINDIA,Esab India Limited
AMBER,Amber Enterprises India Limited
TV18BRDCST,TV18 Broadcast Limited
SCI,Shipping Corporation Of India Limited
SYMPHONY,Symphony Limited
BBTC,Bombay Burmah Trading Corporation Limited
WELCORP,Welspun Corp Limited
INDIGOPNTS,Indigo Paints Limited
BEML,BEML Limited
INOXLEISUR,INOX Leisure Limited
QUESS,Quess Corp Limited
JBMA,JBM Auto Limited
INGERRAND,Ingersoll Rand (India) Limited
INTELLECT,Intellect Design Arena Limited
EDELWEISS,Edelweiss Financial Services Limited
JUBLPHARMA,Jubilant Pharmova Limited
BCG,Brightcom Group Limited
GAEL,Gujarat Ambuja Exports Limited
RTNINDIA,RattanIndia Enterprises Limited
KFINTECH,Kfin Technologies Limited
SPARC,Sun Pharma Advanced Research Company Limited
RAIN,Rain Industries Limited
SIS,SIS LIMITED
DELTACORP,Delta Corp Limited
DATAPATTNS,Data Patterns (India) Limited
MMTC,MMTC Limited
UJJIVANSFB,Ujjivan Small Finance Bank Limited
GUJALKALI,Gujarat Alkalies and Chemicals Limited
RUSTOMJEE,Keystone Realtors Limited
MAHLIFE,Mahindra Lifespace Developers Limited
VMART,V-Mart Retail Limited
IRCON,Ircon International Limited
RELIGARE,Religare Enterprises Limited
ORIENTELEC,Orient Electric Limited
MAPMYINDIA,C.E. Info Systems Limited
GSFC,Gujarat State Fertilizers & Chemicals Limited
GRSE,Garden Reach Shipbuilders & Engineers Limited
RBA,Restaurant Brands Asia Limited
SOBHA,Sobha Limited
J&KBANK,The Jammu & Kashmir Bank Limited
EPL,EPL Limited
MHRIL,Mahindra Holidays & Resorts India Limited
CAPLIPOINT,Caplin Point Laboratories Limited
NCC,NCC Limited
MAHSCOOTER,Maharashtra Scooters Limited
GPIL,Godawari Power And Ispat limited
PRSMJOHNSN,Prism Johnson Limited
AVANTIFEED,Avanti Feeds Limited
USHAMART,Usha Martin Limited
MFL,Meghmani Finechem Limited
JPPOWER,Jaiprakash Power Ventures Limited
GLS,Glenmark Life Sciences Limited
MASTEK,Mastek Limited
VAIBHAVGBL,Vaibhav Global Limited
VSTIND,VST Industries Limited
SWSOLAR,Sterling and Wilson Renewable Energy Limited
JUSTDIAL,Just Dial Limited
HIKAL,Hikal Limited
POLYPLEX,Polyplex Corporation Limited
MTARTECH,Mtar Technologies Limited
SYRMA,Syrma SGS Technology Limited
LUXIND,Lux Industries Limited
ROLEXRINGS,Rolex Rings Limited
PCBL,PCBL LIMITED
MINDACORP,Minda Corporation Limited
RPOWER,Reliance Power Limited
GHCL,GHCL Limited
GPPL,Gujarat Pipavav Port Limited
JSWHL,JSW Holdings Limited
SUNTECK,Sunteck Realty Limited
ZENSARTECH,Zensar Technologies Limited
CMSINFO,CMS Info Systems Limited
TCI,Transport Corporation of India Limited
PARADEEP,Paradeep Phosphates Limited
VRLLOG,VRL Logistics Limited
TATVA,Tatva Chintan Pharma Chem Limited
KTKBANK,The Karnataka Bank Limited
RALLIS,Rallis India Limited
KIRLOSENG,Kirloskar Oil Engines Limited
GMDCLTD,Gujarat Mineral Development Corporation Limited
SHARDACROP,Sharda Cropchem Limited
STARCEMENT,Star Cement Limited
ARVINDFASN,Arvind Fashions Limited
SUPRAJIT,Suprajit Engineering Limited
PDSL,PDS Limited
VARROC,Varroc Engineering Limited
JKTYRE,JK Tyre & Industries Limited
RAJRATAN,Rajratan Global Wire Limited
FDC,FDC Limited
PRIVISCL,Privi Speciality Chemicals Limited
VIJAYA,Vijaya Diagnostic Centre Limited
INFIBEAM,Infibeam Avenues Limited
ENGINERSIN,Engineers India Limited
MASFIN,MAS Financial Services Limited
ICRA,ICRA Limited
IBREALEST,Indiabulls Real Estate Limited
KAYNES,Kaynes Technology India Limited
MAHSEAMLES,Maharashtra Seamless Limited
TEAMLEASE,Teamlease Services Limited
NESCO,Nesco Limited
EQUITAS,Equitas Holdings Limited
AARTIDRUGS,Aarti Drugs Limited
HEIDELBERG,HeidelbergCement India Limited
LAOPALA,La Opala RG Limited
HSCL,Himadri Speciality Chemical Limited
RKFORGE,Ramkrishna Forgings Limited
NIITLTD,NIIT Limited
JAMNAAUTO,Jamna Auto Industries Limited
SPANDANA,Spandana Sphoorty Financial Limited
BOROLTD,Borosil Limited
GREENPANEL,Greenpanel Industries Limited
BHARATRAS,Bharat Rasayan Limited
CSBBANK,CSB Bank Limited
PRUDENT,Prudent Corporate Advisory Services Limited
GREENLAM,Greenlam Industries Limited
ELECON,Elecon Engineering Company Limited
RAILTEL,Railtel Corporation Of India Limited
MIDHANI,Mishra Dhatu Nigam Limited
TATACOFFEE,Tata Coffee Limited
OLECTRA,Olectra Greentech Limited
UFLEX,UFLEX Limited
IONEXCHANG,ION Exchange (India) Limited
HGINFRA,H.G. Infra Engineering Limited
ROSSARI,Rossari Biotech Limited
HCG,Healthcare Global Enterprises Limited
SHAREINDIA,Share India Securities Limited
SAFARI,Safari Industries (India) Limited
HEG,HEG Limited
SCHNEIDER,Schneider Electric Infrastructure Limited
DCBBANK,DCB Bank Limited
SANSERA,Sansera Engineering Limited
SOUTHBANK,The South Indian Bank Limited
NOCIL,NOCIL Limited
PCJEWELLER,PC Jeweller Limited
TEGA,Tega Industries Limited
NAZARA,Nazara Technologies Limited
NFL,National Fertilizers Limited
BARBEQUE,Barbeque Nation Hospitality Limited
INDOCO,Indoco Remedies Limited
DAAWAT,LT Foods Limited
TARSONS,Tarsons Products Limited
JTEKTINDIA,Jtekt India Limited
SARDAEN,Sarda Energy & Minerals Limited
FUSION,Fusion Micro Finance Limited
IFBIND,IFB Industries Limited
ANANTRAJ,Anant Raj Limited
RELINFRA,Reliance Infrastructure Limited
ACE,Action Construction Equipment Limited
MAHLOG,Mahindra Logistics Limited
TECHNOE,Techno Electric & Engineering Company Limited
NAVA,NAVA LIMITED
JWL,Jupiter Wagons Limited
ISGEC,Isgec Heavy Engineering Limited
AMIORG,Ami Organics Limited
TINPLATE,The Tinplate Company of India Limited
BANARISUG,Bannari Amman Sugars Limited
JINDALPOLY,Jindal Poly Films Limited
HARSHA,Harsha Engineers International Limited
PAISALO,Paisalo Digital Limited
WSTCSTPAPR,West Coast Paper Mills Limited
ASTEC,Astec LifeSciences Limited
DISHTV,Dish TV India Limited
GATEWAY,Gateway Distriparks Limited
UJJIVAN,Ujjivan Financial Services Limited
THOMASCOOK,Thomas Cook  (India)  Limited
DHANUKA,Dhanuka Agritech Limited
EMIL,Electronics Mart India Limited
JINDALSAW,Jindal Saw Limited
MOIL,MOIL Limited
THYROCARE,Thyrocare Technologies Limited
VESUVIUS,Vesuvius India Limited
GREAVESCOT,Greaves Cotton Limited
TCNSBRANDS,TCNS Clothing Co. Limited
WOCKPHARMA,Wockhardt Limited
HINDWAREAP,Hindware Home Innovation Limited
DBREALTY,D B Realty Limited
AHLUCONT,Ahluwalia Contracts (India) Limited
DBL,Dilip Buildcon Limited
KKCL,Kewal Kiran Clothing Limited
STAR,Strides Pharma Science Limited
ADVENZYMES,Advanced Enzyme Technologies Limited
RESPONIND,Responsive Industries Limited
MOLDTKPAC,Mold-Tek Packaging Limited
NEOGEN,Neogen Chemicals Limited
GRAVITA,Gravita India Limited
RATEGAIN,Rategain Travel Technologies Limited
DALMIASUG,Dalmia Bharat Sugar and Industries Limited
CHENNPETRO,Chennai Petroleum Corporation Limited
HEMIPROP,Hemisphere Properties India Limited
HATHWAY,Hathway Cable & Datacom Limited
TATASTLLP,Tata Steel Long Products Limited
SAGCEM,Sagar Cements Limited
ITDC,India Tourism Development Corporation Limited
HCC,Hindustan Construction Company Limited
IFCI,IFCI Limited
KSCL,Kaveri Seed Company Limited
INOXWIND,Inox Wind Limited
DODLA,Dodla Dairy Limited
RSYSTEMS,R Systems International Limited
JCHAC,Johnson Controls - Hitachi Air Conditioning India Limited
AUTOAXLES,Automotive Axles Limited
MIRZAINT,Mirza International Limited
GET&D,GE T&D India Limited
POWERMECH,Power Mech Projects Limited
MAITHANALL,Maithan Alloys Limited
VAKRANGEE,Vakrangee Limited
HBLPOWER,HBL Power Systems Limited
ANANDRATHI,Anand Rathi Wealth Limited
GANESHHOUC,Ganesh Housing Corporation Limited
IPL,India Pesticides Limited
NAVNETEDUL,Navneet Education Limited
MOL,Meghmani Organics Limited
NILKAMAL,Nilkamal Limited
VOLTAMP,Voltamp Transformers Limited
BUTTERFLY,Butterfly Gandhimathi Appliances Limited
FCL,Fineotex Chemical Limited
SULA,Sula Vineyards Limited
MANINFRA,Man Infraconstruction Limited
SUDARSCHEM,Sudarshan Chemical Industries Limited
TASTYBITE,Tasty Bite Eatables Limited
VENKEYS,Venky's (India) Limited
TWL,Titagarh Wagons Limited
GABRIEL,Gabriel India Limited
JAICORPLTD,Jai Corp Limited
SURYAROSNI,Surya Roshni Limited
ICIL,Indo Count Industries Limited
SHANTIGEAR,Shanthi Gears Limited
OPTIEMUS,Optiemus Infracom Limited
EVEREADY,Eveready Industries India Limited
UNIPARTS,Uniparts India Limited
GRMOVER,GRM Overseas Limited
KIRLOSBROS,Kirloskar Brothers Limited
SHRIPISTON,Shriram Pistons & Rings Limited
TATAMETALI,Tata Metaliks Limited
PSPPROJECT,PSP Projects Limited
ORIENTCEM,Orient Cement Limited
NEWGEN,Newgen Software Technologies Limited
ASHOKA,Ashoka Buildcon Limited
CAMLINFINE,Camlin Fine Sciences Limited
DHANI,Dhani Services Limited
WELENT,Welspun Enterprises Limited
SSWL,Steel Strips Wheels Limited
CHOICEIN,Choice International Limited
ASTRAMICRO,Astra Microwave Products Limited
EMUDHRA,eMudhra Limited
BECTORFOOD,Mrs. Bectors Food Specialities Limited
SIYSIL,Siyaram Silk Mills Limited
JPASSOCIAT,Jaiprakash Associates Limited
BAJAJCON,Bajaj Consumer Care Limited
KIRIINDUS,Kiri Industries Limited
JAYNECOIND,Jayaswal Neco Industries Limited
GLOBUSSPR,Globus Spirits Limited
APCOTEXIND,Apcotex Industries Limited
SHILPAMED,Shilpa Medicare Limited
PGEL,PG Electroplast Limited
PTC,PTC India Limited
MBAPL,Madhya Bharat Agro Products Limited
DOLLAR,Dollar Industries Limited
BSHSL,Bombay Super Hybrid Seeds Limited
ETHOSLTD,Ethos Limited
INDIAGLYCO,India Glycols Limited
TVSSRICHAK,TVS Srichakra Limited
MARKSANS,Marksans Pharma Limited
PARAS,Paras Defence and Space Technologies Limited
SBCL,Shivalik Bimetal Controls Limited
ARVIND,Arvind Limited
PRICOLLTD,Pricol Limited
DFMFOODS,DFM Foods Limited
JMCPROJECT,JMC Projects (India)  Limited
TIPSINDLTD,TIPS Industries Limited
ELECTCAST,Electrosteel Castings Limited
FIEMIND,Fiem Industries Limited
HONDAPOWER,Honda India Power Products Limited
SEAMECLTD,Seamec Limited
BBOX,Black Box Limited
RUPA,Rupa & Company Limited
NDTV,New Delhi Television Limited
UNICHEMLAB,Unichem Laboratories Limited
TIIL,Technocraft Industries (India) Limited
PFOCUS,Prime Focus Limited
CONFIPET,Confidence Petroleum India Limited
GOKEX,Gokaldas Exports Limited
INSECTICID,Insecticides (India) Limited
MAXVIL,Max Ventures and Industries Limited
BAJAJHIND,Bajaj Hindusthan Sugar Limited
GUFICBIO,Gufic Biosciences Limited
SHARDAMOTR,Sharda Motor Industries Limited
CARTRADE,Cartrade Tech Limited
IOLCP,IOL Chemicals and Pharmaceuticals Limited
DBCORP,D.B.Corp Limited
SEQUENT,Sequent Scientific Limited
PURVA,Puravankara Limited
GENUSPOWER,Genus Power Infrastructures Limited
DCXINDIA,DCX Systems Limited
ACCELYA,Accelya Solutions India Limited
LGBBROSLTD,LG Balakrishnan & Bros Limited
NEULANDLAB,Neuland Laboratories Limited
BALMLAWRIE,Balmer Lawrie & Company Limited
DIAMONDYD,Prataap Snacks Limited
RTNPOWER,RattanIndia Power Limited
PILANIINVS,Pilani Investment and Industries Corporation Limited
KOLTEPATIL,Kolte - Patil Developers Limited
AGI,AGI Greenpac Limited
FINOPB,Fino Payments Bank Limited
PANAMAPET,Panama Petrochem Limited
SUNDARMHLD,Sundaram Finance Holdings Limited
COSMOFIRST,COSMO FIRST LIMITED
SOTL,Savita Oil Technologies Limited
AMRUTANJAN,Amrutanjan Health Care Limited
GULFOILLUB,Gulf Oil Lubricants India Limited
NACLIND,NACL Industries Limited
TIRUMALCHM,Thirumalai Chemicals Limited
MSTCLTD,Mstc Limited
JKIL,J.Kumar Infraprojects Limited
ITDCEM,ITD Cementation India Limited
ATFL,Agro Tech Foods Limited
FILATEX,Filatex India Limited
WABAG,VA Tech Wabag Limited
APOLLOPIPE,Apollo Pipes Limited
TIMETECHNO,Time Technoplast Limited
JISLJALEQS,Jain Irrigation Systems Limited
SUNFLAG,Sunflag Iron And Steel Company Limited
GANECOS,Ganesha Ecosphere Limited
SOMANYCERA,Somany Ceramics Limited
HERANBA,Heranba Industries Limited
MMFL,MM Forgings Limited
DWARKESH,Dwarikesh Sugar Industries Limited
RAMKY,Ramky Infrastructure Limited
MUKANDLTD,Mukand Limited
SHK,S H Kelkar and Company Limited
HIL,HIL Limited
IIFLSEC,IIFL Securities Limited
SUBROS,Subros Limited
RILINFRA,Rachana Infrastructure Limited
CANTABIL,Cantabil Retail India Limited
MOREPENLAB,Morepen Laboratories Limited
WONDERLA,Wonderla Holidays Limited
INDOSTAR,IndoStar Capital Finance Limited
JAGRAN,Jagran Prakashan Limited
STYLAMIND,Stylam Industries Limited
SUBEXLTD,Subex Limited
DREAMFOLKS,Dreamfolks Services Limited
VSTTILLERS,V.S.T Tillers Tractors Limited
VINDHYATEL,Vindhya Telelinks Limited
SUPRIYA,Supriya Lifescience Limited
KIRLOSIND,Kirloskar Industries Limited
VADILALIND,Vadilal Industries Limited
TI,Tilaknagar Industries Limited
SWARAJENG,Swaraj Engines Limited
GATI,GATI Limited
KESORAMIND,Kesoram Industries Limited
TDPOWERSYS,TD Power Systems Limited
SIRCA,Sirca Paints India Limited
LANDMARK,Landmark Cars Limited
ALEMBICLTD,Alembic Limited
TEXRAIL,Texmaco Rail & Engineering Limited
HINDOILEXP,Hindustan Oil Exploration Company Limited
GOCLCORP,GOCL Corporation Limited
MAYURUNIQ,Mayur Uniquoters Ltd
ANDHRSUGAR,The Andhra Sugars Limited
VIDHIING,Vidhi Specialty Food Ingredients Limited
CARERATING,CARE Ratings Limited
VISHNU,Vishnu Chemicals Limited
GOKULAGRO,Gokul Agro Resources Limited
BEPL,Bhansali Engineering Polymers Limited
SPIC,Southern Petrochemicals Industries Corporation  Limited
GREENPLY,Greenply Industries Limited
SESHAPAPER,Seshasayee Paper and Boards Limited
SANGHIIND,Sanghi Industries Limited
FMGOETZE,Federal-Mogul Goetze (India) Limited.
ORISSAMINE,The Orissa Minerals Development Company Limited
TIDEWATER,Tide Water Oil Company (India) Limited
FAIRCHEMOR,Fairchem Organics Limited
ADFFOODS,ADF Foods Limited
GENESYS,Genesys International Corporation Limited
ANDHRAPAP,ANDHRA PAPER LIMITED
STOVEKRAFT,Stove Kraft Limited
HERITGFOOD,Heritage Foods Limited
DEN,Den Networks Limited
DHAMPURSUG,Dhampur Sugar Mills Limited
MTNL,Mahanagar Telephone Nigam Limited
BOMDYEING,Bombay Dyeing & Mfg Company Limited
DATAMATICS,Datamatics Global Services Limited
LUMAXTECH,Lumax Auto Technologies Limited
SALASAR,Salasar Techno Engineering Limited
SHALBY,Shalby Limited
AVTNPL,AVT Natural Products Limited
NELCO,NELCO Limited
TNPL,Tamil Nadu Newsprint & Papers Limited
HMT,HMT Limited
VALIANTORG,Valiant Organics Limited
ISMTLTD,ISMT Limited
LSIL,Lloyds Steels Industries Limited
IGPL,IG Petrochemicals Limited
LUMAXIND,Lumax Industries Limited
KPIGREEN,KPI Green Energy Limited
KSL,Kalyani Steels Limited
GTPL,GTPL Hathway Limited
KINGFA,Kingfa Science & Technology (India) Limited
KABRAEXTRU,Kabra Extrusion Technik Limited
INDORAMA,Indo Rama Synthetics (India) Limited
SOLARA,Solara Active Pharma Sciences Limited
DYNAMATECH,Dynamatic Technologies Limited
JSWISPL,JSW Ispat Special Products Limited
SPCENET,Spacenet Enterprises India Limited
SHANKARA,Shankara Building Products Limited
GRWRHITECH,Garware Hi-Tech Films Limited
IMAGICAA,Imagicaaworld Entertainment Limited
HESTERBIO,Hester Biosciences Limited
GTLINFRA,GTL Infrastructure Limited
VERANDA,Veranda Learning Solutions Limited
DCW,DCW Limited
HUHTAMAKI,Huhtamaki India Limited
THANGAMAYL,Thangamayil Jewellery Limited
SJS,S.J.S. Enterprises Limited
GALLANTT,Gallantt Ispat Limited
SUVEN,Suven Life Sciences Limited
DCAL,Dishman Carbogen Amcis Limited
ORCHPHARMA,Orchid Pharma Limited
WENDT,Wendt (India) Limited
NRBBEARING,NRB Bearing Limited
GOLDIAM,Goldiam International Limited
KCP,KCP Limited
ZENTEC,Zen Technologies Limited
ARVSMART,Arvind SmartSpaces Limited
TVTODAY,TV Today Network Limited
BFUTILITIE,BF Utilities Limited
SHAILY,Shaily Engineering Plastics Limited
VENUSPIPES,Venus Pipes & Tubes Limited
KRSNAA,Krsnaa Diagnostics Limited
GNA,GNA Axles Limited
REPCOHOME,Repco Home Finance Limited
CIGNITITEC,Cigniti Technologies Limited
EXCELINDUS,Excel Industries Limited
MONTECARLO,Monte Carlo Fashions Limited
BANCOINDIA,Banco Products (I) Limited
ALICON,Alicon Castalloy Limited
RIIL,Reliance Industrial Infrastructure Limited
IMFA,Indian Metals & Ferro Alloys Limited
TTKHLTCARE,TTK Healthcare Limited
MPSLTD,MPS Limited
OAL,Oriental Aromatics Limited
SANGHVIMOV,Sanghvi Movers Limited
MANALIPETC,Manali Petrochemicals Limited
RPGLIFE,RPG Life Sciences Limited
ASHIANA,Ashiana Housing Limited
INOXGREEN,Inox Green Energy Services Limited
RAMASTEEL,Rama Steel Tubes Limited
GMRP&UI,GMR Power and Urban Infra Limited
TCPLPACK,TCPL Packaging Limited
RAMCOIND,Ramco Industries Limited
PUNJABCHEM,Punjab Chemicals & Crop Protection Limited
WHEELS,Wheels India Limited
BBL,Bharat Bijlee Limited
SEPC,SEPC Limited
INEOSSTYRO,INEOS Styrolution India Limited
SASKEN,Sasken Technologies Limited
APTECHT,Aptech Limited
SANDHAR,Sandhar Technologies Limited
BHAGCHEM,Bhagiradha Chemicals & Industries Limited
OMAXE,Omaxe Limited
DBOL,Dhampur Bio Organics Limited
KDDL,KDDL Limited
RPSGVENT,RPSG VENTURES LIMITED
SATIA,Satia Industries Limited
GULPOLY,Gulshan Polyols Limited
ORIENTHOT,Oriental Hotels Limited
MATRIMONY,Matrimony.Com Limited
SKIPPER,Skipper Limited
SAKSOFT,Saksoft Limited
SURYODAY,Suryoday Small Finance Bank Limited
TAJGVK,Taj GVK Hotels & Resorts Limited
RANEHOLDIN,Rane Holdings Limited
EIHAHOTELS,EIH Associated Hotels Limited
KITEX,Kitex Garments Limited
INFOBEAN,InfoBeans Technologies Limited
DPSCLTD,DPSC Limited
KUANTUM,Kuantum Papers Limited
KRISHANA,Krishana Phoschem Limited
SHRIRAMPPS,Shriram Properties Limited
IGARASHI,Igarashi Motors India Limited
CARYSIL,CARYSIL LIMITED
MADRASFERT,Madras Fertilizers Limited
PRECWIRE,Precision Wires India Limited
GIPCL,Gujarat Industries Power Company Limited
THEMISMED,Themis Medicare Limited
TARC,TARC Limited
VSSL,Vardhman Special Steels Limited
SATIN,Satin Creditcare Network Limited
FOSECOIND,Foseco India Limited
EVERESTIND,Everest Industries Limited
EXPLEOSOL,Expleo Solutions Limited
BAJAJHCARE,Bajaj Healthcare Limited
ARMANFIN,Arman Financial Services Limited
MANORAMA,Manorama Industries Limited
STEELXIND,STEEL EXCHANGE INDIA LIMITED
THEJO,Thejo Engineering Limited
PARAGMILK,Parag Milk Foods Limited
XPROINDIA,Xpro India Limited
POKARNA,Pokarna Limited
PIXTRANS,Pix Transmissions Limited
ROSSELLIND,Rossell India Limited
NSIL,Nalwa Sons Investments Limited
UGARSUGAR,The Ugar Sugar Works Limited
ADORWELD,Ador Welding Limited
PNBGILTS,PNB Gilts Limited
GICHSGFIN,GIC Housing Finance Limited
GMBREW,GM Breweries Limited
NITINSPIN,Nitin Spinners Limited
AXISCADES,AXISCADES Technologies Limited
EKC,Everest Kanto Cylinder Limited
GEOJITFSL,Geojit Financial Services Limited
ELIN,Elin Electronics Limited
RICOAUTO,Rico Auto Industries Limited
SHIVALIK,Shivalik Rasayan Limited
BFINVEST,BF Investment Limited
AJMERA,Ajmera Realty & Infra India Limited
UTTAMSUGAR,Uttam Sugar Mills Limited
AVADHSUGAR,Avadh Sugar & Energy Limited
SANGAMIND,Sangam (India) Limited
CHEMCON,Chemcon Speciality Chemicals Limited
ESTER,Ester Industries Limited
DREDGECORP,Dredging Corporation of India Limited
SPECIALITY,Speciality Restaurants Limited
MONARCH,Monarch Networth Capital Limited
UGROCAP,Ugro Capital Limited
MARATHON,Marathon Nextgen Realty Limited
CENTRUM,Centrum Capital Limited
MEDICAMEQ,Medicamen Biotech Limited
IWEL,Inox Wind Energy Limited
MANGCHEFER,Mangalore Chemicals & Fertilizers Limited
CAPACITE,Capacit'e Infraprojects Limited
PITTIENG,Pitti Engineering Limited
SHREDIGCEM,Shree Digvijay Cement Co.Ltd
PFS,PTC India Financial Services Limited
NUCLEUS,Nucleus Software Exports Limited
BIGBLOC,Bigbloc Construction Limited
ARTEMISMED,Artemis Medicare Services Limited
SUTLEJTEX,Sutlej Textiles and Industries Limited
NAHARSPING,Nahar Spinning Mills Limited
COFFEEDAY,Coffee Day Enterprises Limited
HITECH,Hi-Tech Pipes Limited
GOODLUCK,Goodluck India Limited
CLOUD,Varanium Cloud Limited
JASH,Jash Engineering Limited
BODALCHEM,Bodal Chemicals Limited
SMLISUZU,SML Isuzu Limited
AXITA,Axita Cotton Limited
PRAKASH,Prakash Industries Limited
PATELENG,Patel Engineering Limited
JAGSNPHARM,Jagsonpal Pharmaceuticals Limited
STERTOOLS,Sterling Tools Limited
VIMTALABS,Vimta Labs Limited
KAMDHENU,Kamdhenu Limited
ONMOBILE,OnMobile Global Limited
AHL,Abans Holdings Limited
UNIVCABLES,Universal Cables Limited
NAVKARCORP,Navkar Corporation Limited
NGLFINE,NGL Fine-Chem Limited
SHALPAINTS,Shalimar Paints Limited
IFGLEXPOR,IFGL Refractories Limited
5PAISA,5Paisa Capital Limited
PRECAM,Precision Camshafts Limited
SPORTKING,Sportking India Limited
GEPIL,GE Power India Limited
MKPL,M K Proteins Limited
SANDESH,The Sandesh Limited
VHL,Vardhman Holdings Limited
ZEEMEDIA,Zee Media Corporation Limited
QUICKHEAL,Quick Heal Technologies Limited
RGL,Renaissance Global Limited
CENTUM,Centum Electronics Limited
STEELCAS,Steelcast Limited
ARIHANTSUP,Arihant Superstructures Limited
UNIENTER,Uniphos Enterprises Limited
HARIOMPIPE,Hariom Pipe Industries Limited
CENTENKA,Century Enka Limited
VINYLINDIA,Vinyl Chemicals (India) Limited
IMPAL,India Motor Parts and Accessories Limited
INDNIPPON,India Nippon Electricals Limited
DEEPINDS,Deep Industries Limited
AGARIND,Agarwal Industrial Corporation Limited
GANESHBE,Ganesh Benzoplast Limited
SASTASUNDR,Sastasundar Ventures Limited
LIKHITHA,Likhitha Infrastructure Limited
PGIL,Pearl Global Industries Limited
RUSHIL,Rushil Decor Limited
SRHHYPOLTD,Sree Rayalaseema Hi-Strength Hypo Limited
HEXATRADEX,Hexa Tradex Limited
ORIENTPPR,Orient Paper & Industries Limited
ASHAPURMIN,Ashapura Minechem Limited
PANACEABIO,Panacea Biotec Limited
RSWM,RSWM Limited
AWHCL,Antony Waste Handling Cell Limited
RADIOCITY,Music Broadcast Limited
NELCAST,Nelcast Limited
EMAMIPAP,Emami Paper Mills Limited
AMBIKCO,Ambika Cotton Mills Limited
ANUP,The Anup Engineering Limited
KOKUYOCMLN,Kokuyo Camlin Limited
JINDRILL,Jindal Drilling And Industries Limited
SDBL,Som Distilleries & Breweries Limited
SPAL,S. P. Apparels Limited
CLNINDIA,Clariant Chemicals (India) Limited
DVL,Dhunseri Ventures Limited
SIGACHI,Sigachi Industries Limited
SYNCOMF,Syncom Formulations (India) Limited
KICL,Kalyani Investment Company Limited
MANGLMCEM,Mangalam Cement Limited
TNPETRO,Tamilnadu PetroProducts Limited
JYOTISTRUC,Jyoti Structures Limited
HIMATSEIDE,Himatsingka Seide Limited
GREENPOWER,Orient Green Power Company Limited
JETAIRWAYS,Jet Airways (India) Limited
SMCGLOBAL,SMC Global Securities Limited
TRACXN,Tracxn Technologies Limited
NCLIND,NCL Industries Limited
JAIBALAJI,Jai Balaji Industries Limited
APCL,Anjani Portland Cement Limited
DLINKINDIA,D-Link (India) Limited
AURIONPRO,Aurionpro Solutions Limited
RAMCOSYS,Ramco Systems Limited
HLVLTD,HLV LIMITED
ALLSEC,Allsec Technologies Limited
OCCL,Oriental Carbon & Chemicals Limited
AGSTRA,AGS Transact Technologies Limited
63MOONS,63 moons technologies limited
ASALCBR,Associated Alcohols & Breweries Ltd.
BCLIND,Bcl Industries Limited
APEX,Apex Frozen Foods Limited
ORIENTBELL,Orient Bell Limited
TEXINFRA,Texmaco Infrastructure & Holdings Limited
ZOTA,Zota Health Care LImited
PENIND,Pennar Industries Limited
SATINDLTD,Sat Industries Limited
INDRAMEDCO,Indraprastha Medical Corporation Limited
KHAICHEM,Khaitan Chemicals & Fertilizers Limited
BLISSGVS,Bliss GVS Pharma Limited
INDIANHUME,Indian Hume Pipe Company Limited
SHAKTIPUMP,Shakti Pumps (India) Limited
XCHANGING,Xchanging Solutions Limited
VISAKAIND,Visaka Industries Limited
TFCILTD,Tourism Finance Corporation of India Limited
TRIL,Transformers And Rectifiers (India) Limited
RAMRAT,Ram Ratna Wires Limited
ENIL,Entertainment Network (India) Limited
VASCONEQ,Vascon Engineers Limited
BLKASHYAP,B. L. Kashyap and Sons Limited
ROTO,Roto Pumps Limited
KOPRAN,Kopran Limited
GFLLIMITED,GFL Limited
RAJMET,Rajnandini Metal Limited
ROHLTD,Royal Orchid Hotels Limited
LINCOLN,Lincoln Pharmaceuticals Limited
BHAGERIA,Bhageria Industries Limited
CREATIVE,Creative Newtech Limited
JAYBARMARU,Jay Bharat Maruti Limited
TALBROAUTO,Talbros Automotive Components Limited
SMSPHARMA,SMS Pharmaceuticals Limited
CHEVIOT,Cheviot Company Limited
KANORICHEM,Kanoria Chemicals & Industries Limited
DECCANCE,Deccan Cements Limited
FAZE3Q,Faze Three Limited
ZUARI,Zuari Agro Chemicals Limited
3IINFOLTD,3i Infotech Limited
HPAL,HP Adhesives Limited
BETA,Beta Drugs Limited
BINDALAGRO,Oswal Chemicals & Fertilizers Limited
SUMMITSEC,Summit Securities Limited
HERCULES,Hercules Hoists Limited
CLSEL,Chaman Lal Setia Exports Limited
PARACABLES,Paramount Communications Limited
DMCC,DMCC SPECIALITY CHEMICALS LIMITED
ONWARDTEC,Onward Technologies Limited
DHARMAJ,Dharmaj Crop Guard Limited
BHARATWIRE,Bharat Wire Ropes Limited
ARIHANTCAP,Arihant Capital Markets Limited
RML,Rane (Madras) Limited
SCPL,Sheetal Cool Products Limited
RUBYMILLS,The Ruby Mills Limited
GANDHITUBE,Gandhi Special Tubes Limited
CONTROLPR,Control Print Limited
NRL,Nupur Recyclers Limited
SUKHJITS,Sukhjit Starch & Chemicals Limited
SHREYAS,Shreyas Shipping & Logistics Limited
NAHARPOLY,Nahar Poly Films Limited
ASIANTILES,Asian Granito India Limited
HPL,HPL Electric & Power Limited
DPABHUSHAN,D. P. Abhushan Limited
VIKASLIFE,Vikas Lifecare Limited
INDOAMIN,Indo Amines Limited
DCMSRIND,DCM Shriram Industries Limited
SNOWMAN,Snowman Logistics Limited
YUKEN,Yuken India Limited
DIGISPICE,DiGiSPICE Technologies Limited
ATULAUTO,Atul Auto Limited
REFEX,Refex Industries Limited
LINC,Linc Limited
SCHAND,S Chand And Company Limited
BALAXI,BALAXI PHARMACEUTICALS LIMITED
APOLLO,Apollo Micro Systems Limited
JUBLINDS,Jubilant Industries Limited
FOODSIN,Foods & Inns Limited
SHREEPUSHK,Shree Pushkar Chemicals & Fertilisers Limited
SPENCERS,Spencer's Retail Limited
ASAL,Automotive Stampings and Assemblies Limited
ELDEHSG,Eldeco Housing And Industries Limited
KELLTONTEC,Kellton Tech Solutions Limited
RBL,Rane Brake Lining Limited
CREST,Crest Ventures Limited
DPWIRES,D P Wires Limited
UNIVPHOTO,Universus Photo Imagings Limited
JAYAGROGN,Jayant Agro Organics Limited
NECLIFE,Nectar Lifesciences Limited
WINDLAS,Windlas Biotech Limited
HCL-INSYS,HCL Infosystems Limited
STCINDIA,The State Trading Corporation of India Limited
MENONBE,Menon Bearings Limited
OSWALAGRO,Oswal Agro Mills Limited
MEDICO,Medico Remedies Limited
TVSELECT,TVS Electronics Limited
NAHARCAP,Nahar Capital and Financial Services Limited
UNIDT,United Drilling Tools Limited
VLSFINANCE,VLS Finance Limited
EXXARO,Exxaro Tiles Limited
HARDWYN,Hardwyn India Limited
TBZ,Tribhovandas Bhimji Zaveri Limited
URJA,Urja Global Limited
HTMEDIA,HT Media Limited
SWELECTES,Swelect Energy Systems Limited
IFBAGRO,IFB Agro Industries Limited
KSOLVES,Ksolves India Limited
DHANBANK,Dhanlaxmi Bank Limited
NRAIL,N R Agarwal Industries Limited
ADSL,Allied Digital Services Limited
NURECA,Nureca Limited
CSLFINANCE,CSL Finance Limited
RAMAPHO,Rama Phosphates Limited
HITECHGEAR,The Hi-Tech Gears Limited
REPRO,Repro India Limited
SREEL,Sreeleathers Limited
MANAKSIA,Manaksia Limited
BBTCL,B&B Triplewall Containers Limited
MUNJALAU,Munjal Auto Industries Limited
AARTISURF,Aarti Surfactants Limited
GOACARBON,Goa Carbon Limited
GENUSPAPER,Genus Paper & Boards Limited
PROZONINTU,Prozone Intu Properties Limited
INNOVANA,Innovana Thinklabs Limited
KRISHIVAL,Empyrean Cashews Limited
ZIMLAB,Zim Laboratories Limited
GVKPIL,GVK Power & Infrastructure Limited
JPOLYINVST,Jindal Poly Investment and Finance Company Limited
UNITECH,Unitech Limited
FCSSOFT,FCS Software Solutions Limited
SHYAMCENT,Shyam Century Ferrous Limited
EQUIPPP,Equippp Social Impact Technologies Limited
MANINDS,Man Industries (India) Limited
PLASTIBLEN,Plastiblends India Limited
LIBERTSHOE,Liberty Shoes Limited
CONSOFINVT,Consolidated Finvest & Holdings Limited
MAGADSUGAR,Magadh Sugar & Energy Limited
SHEMAROO,Shemaroo Entertainment Limited
BALAJITELE,Balaji Telefilms Limited
PDMJEPAPER,Pudumjee Paper Products Limited
THEINVEST,The Investment Trust Of India Limited
PREMEXPLN,Premier Explosives Limited
DONEAR,Donear Industries Limited
HINDCOMPOS,Hindustan Composites Limited
DSSL,Dynacons Systems & Solutions Limited
MAXIND,Max India Limited
GSS,GSS Infotech Limited
MUTHOOTCAP,Muthoot Capital Services Limited
VARDHACRLC,Vardhman Acrylics Limited
ZUARIIND,ZUARI INDUSTRIES LIMITED
NAHARINDUS,Nahar Industrial Enterprises Limited
MANORG,Mangalam Organics Limited
MIRCELECTR,MIRC Electronics Limited
SILVERTUC,Silver Touch Technologies Limited
INDOBORAX,Indo Borax & Chemicals Limited
ORBTEXP,Orbit Exports Limited
DELPHIFX,DELPHI WORLD MONEY LIMITED
KOTHARIPRO,Kothari Products Limited
MALLCOM,Mallcom (India) Limited
KECL,Kirloskar Electric Company Limited
KHADIM,Khadim India Limited
PTL,PTL Enterprises Limited
DEEPENR,DEEP ENERGY RESOURCES LIMITED
GLOBAL,Global Education Limited
NXTDIGITAL,NXTDIGITAL LIMITED
BGRENERGY,BGR Energy Systems Limited
KRITI,Kriti Industries (India) Limited
KAYA,Kaya Limited
PONNIERODE,Ponni Sugars (Erode) Limited
ORICONENT,Oricon Enterprises Limited
SAKAR,Sakar Healthcare Limited
DYCL,Dynamic Cables Limited
PARSVNATH,Parsvnath Developers Limited
IRISDOREME,Iris Clothings Limited
BIRLACABLE,Birla Cable Limited
INDSWFTLAB,Ind-Swift Laboratories Limited
RANASUG,Rana Sugars Limited
SECL,Salasar Exteriors and Contour Limited
MGEL,Mangalam Global Enterprise Limited
DHUNINV,Dhunseri Investments Limited
HMVL,Hindustan Media Ventures Limited
WEALTH,Wealth First Portfolio Managers Limited
BANSWRAS,Banswara Syntex Limited
KOTHARIPET,Kothari Petrochemicals Limited
MUNJALSHOW,Munjal Showa Limited
VIPCLOTHNG,VIP Clothing Limited
SAKUMA,Sakuma Exports Limited
CLEDUCATE,CL Educate Limited
MOLDTECH,Mold-Tek Technologies Limited
CHEMFAB,Chemfab Alkalis Limited
ICEMAKE,Ice Make Refrigeration Limited
NBIFIN,N. B. I. Industrial Finance Company Limited
MARINE,Marine Electricals (India) Limited
EIFFL,Euro India Fresh Foods Limited
RITCO,Ritco Logistics Limited
SALZERELEC,Salzer Electronics Limited
OMINFRAL,OM INFRA LIMITED
PPL,Prakash Pipes Limited
MAWANASUG,Mawana Sugars Limited
GOKUL,Gokul Refoils and Solvent Limited
HITECHCORP,Hitech Corporation Limited
KERNEX,Kernex Microsystems (India) Limited
AYMSYNTEX,AYM Syntex Limited
4THDIM,Fourth Dimension Solutions Limited
ADVANIHOTR,Advani Hotels & Resorts (India) Limited
MSPL,MSP Steel & Power Limited
FROG,Frog Cellsat Limited
CYBERTECH,Cybertech Systems And Software Limited
RUCHIRA,Ruchira Papers Limited
INTLCONV,International Conveyors Limited
KOTARISUG,Kothari Sugars And Chemicals Limited
LYKALABS,Lyka Labs Limited
NDL,Nandan Denim Limited
SKP,SKP Bearing Industries Limited
KCPSUGIND,KCP Sugar and Industries Corporation Limited
HIRECT,Hind Rectifiers Limited
SILINV,SIL Investments Limited
SARLAPOLY,Sarla Performance Fibers Limited
SELAN,Selan Exploration Technology Limited
CUPID,Cupid Limited
PENINLAND,Peninsula Land Limited
COOLCAPS,Cool Caps Industries Limited
SVPGLOB,SVP GLOBAL TEXTILES LIMITED
OSWALSEEDS,ShreeOswal Seeds And Chemicals Limited
KNAGRI,KN Agri Resources Limited
HINDMOTORS,Hindustan Motors Limited
DYNPRO,Dynemic Products Limited
LOYALTEX,Loyal Textile Mills Limited
RADHIKAJWE,Radhika Jeweltech Limited
JINDALPHOT,Jindal Photo Limited
AURUM,Aurum PropTech Limited
V2RETAIL,V2 Retail Limited
DICIND,DIC India Limited
UFO,UFO Moviez India Limited
SHIVAMAUTO,Shivam Autotech Limited
MINDTECK,Mindteck (India) Limited
NDRAUTO,Ndr Auto Components Limited
TAKE,Take Solutions Limited
SKMEGGPROD,SKM Egg Products Export (India) Limited
VISHWARAJ,Vishwaraj Sugar Industries Limited
FOCE,Foce India Limited
WEBELSOLAR,Websol Energy System Limited
DENORA,De Nora India Limited
ORIENTABRA,Orient Abrasives Limited
HUBTOWN,Hubtown Limited
CINELINE,Cineline India Limited
PPAP,PPAP Automotive Limited
SERVOTECH,Servotech Power Systems Limited
MACPOWER,Macpower CNC Machines Limited
BIRLAMONEY,Aditya Birla Money Limited
BASML,Bannari Amman Spinning Mills Limited
REVATHI,Revathi Equipment Limited
GSCLCEMENT,Gujarat Sidhee Cement Limited
INDOTHAI,Indo Thai Securities Limited
DUCON,Ducon Infratechnologies Limited
SOUTHWEST,South West Pinnacle Exploration Limited
BRNL,Bharat Road Network Limited
DUGLOBAL,DUDIGITAL GLOBAL LIMITED
SIMPLEXINF,Simplex Infrastructures Limited
GKWLIMITED,GKW Limited
FOCUS,Focus Lighting and Fixtures Limited
WEL,Wonder Fibromats Limited
ASHIMASYN,Ashima Limited
VIKASECO,Vikas EcoTech Limited
CHEMBOND,Chembond Chemicals Ltd
APOLSINHOT,Apollo Sindoori Hotels Limited
JSLL,Jeena Sikho Lifecare Limited
SBC,SBC Exports Limited
ALBERTDAVD,Albert David Limited
20MICRONS,20 Microns Limited
KOTYARK,Kotyark Industries Limited
MMP,MMP Industries Limited
QMSMEDI,QMS Medical Allied Services Limited
PRIMESECU,Prime Securities Limited
MEP,MEP Infrastructure Developers Limited
EMKAYTOOLS,Emkay Taps and Cutting Tools Limited
GPTINFRA,GPT Infraprojects Limited
ESSENTIA,Integra Essentia Limited
GEECEE,GeeCee Ventures Limited
SAKHTISUG,Sakthi Sugars Limited
WALCHANNAG,Walchandnagar Industries Limited
BPL,BPL Limited
MCLEODRUSS,Mcleod Russel India Limited
ASAHISONG,Asahi Songwon Colors Limited
BCONCEPTS,Brand Concepts Limited
JITFINFRA,JITF Infralogistics Limited
NATHBIOGEN,Nath Bio-Genes (India) Limited
VITAL,Vital Chemtech Limited
AUTOIND,Autoline Industries Limited
IEL,Indiabulls Enterprises Limited
DCMNVL,DCM Nouvelle Limited
EMAMIREAL,Emami Realty Limited
PASUPTAC,Pasupati Acrylon Limited
NIPPOBATRY,Indo-National Limited
FCONSUMER,Future Consumer Limited
ONEPOINT,One Point One Solutions Limited
STEL,Stel Holdings Limited
MAHEPC,Mahindra EPC Irrigation Limited
STARPAPER,Star Paper Mills Limited
WINDMACHIN,Windsor Machines Limited
TRIGYN,Trigyn Technologies Limited
KMSUGAR,K.M.Sugar Mills Limited
DANGEE,Dangee Dums Limited
VERTOZ,Vertoz Advertising Limited
RAJTV,Raj Television Network Limited
PODDARMENT,Poddar Pigments Limited
LGBFORGE,LGB Forge Limited
DEVIT,Dev Information Technology Limited
ABAN,Aban Offshore Limited
INDTERRAIN,Indian Terrain Fashions Limited
EUROBOND,Euro Panel Products Limited
GINNIFILA,Ginni Filaments Limited
MHLXMIRU,Mahalaxmi Rubtech Limited
UCALFUEL,Ucal Fuel Systems Limited
EROSMEDIA,Eros International Media Limited
OSIAHYPER,Osia Hyper Retail Limited
SINTERCOM,Sintercom India Limited
ASIANENE,Asian Energy Services Limited
E2E,E2E Networks Limited
COASTCORP,Coastal Corporation Limited
BMETRICS,Bombay Metrics Supply Chain Limited
GRPLTD,GRP Limited
GOYALALUM,Goyal Aluminiums Limited
MAZDA,Mazda Limited
JAYSREETEA,Jayshree Tea & Industries Limited
ARROWGREEN,Arrow Greentech Limited
SADBHAV,Sadbhav Engineering Limited
BROOKS,Brooks Laboratories Limited
PAVNAIND,Pavna Industries Limited
ARIES,Aries Agro Limited
NILAINFRA,Nila Infrastructures Limited
SOLEX,Solex Energy Limited
SHIVAUM,Shiv Aum Steels Limited
MWL,Mangalam Worldwide Limited
MARALOVER,Maral Overseas Limited
AARVI,Aarvi Encon Limited
AHLEAST,Asian Hotels (East) Limited
TOTAL,Total Transport Systems Limited
ACCURACY,Accuracy Shipping Limited
USASEEDS,Upsurge Seeds Of Agriculture Limited
HARRMALAYA,Harrisons  Malayalam Limited
BIL,Bhartiya International Limited
PVP,PVP Ventures Limited
CAREERP,Career Point Limited
TPLPLASTEH,TPL Plastech Limited
SEJALLTD,Sejal Glass Limited
KRITINUT,Kriti Nutrients Limited
ZODIACLOTH,Zodiac Clothing Company Limited
PIONDIST,Pioneer Distilleries Limited
DTIL,Dhunseri Tea & Industries Limited
KILITCH,Kilitch Drugs (India) Limited
VENUSREM,Venus Remedies Limited
KORE,Jay Jalaram Technologies Limited
MEGASOFT,Megasoft Limited
UNITEDPOLY,United Polyfab Gujarat Limited
REPL,Rudrabhishek Enterprises Limited
BAFNAPH,Bafna Pharmaceuticals Limited
SWASTIK,Swastik Pipe Limited
INSPIRISYS,Inspirisys Solutions Limited
KREBSBIO,Krebs Biochemicals and Industries Limited
PHANTOMFX,Phantom Digital Effects Limited
GUJAPOLLO,Gujarat Apollo Industries Limited
KAMATHOTEL,Kamat Hotels (I) Limited
ANNAPURNA,Annapurna Swadisht Limited
MURUDCERA,Murudeshwar Ceramics Limited
ALLETEC,All E Technologies Limited
IVC,IL&FS Investment Managers Limited
SINTEX,Sintex Industries Limited
ZEELEARN,Zee Learn Limited
HDIL,Housing Development and Infrastructure Limited
MEGASTAR,Megastar Foods Limited
PRECOT,Precot Limited
EIMCOELECO,Eimco Elecon (India) Limited
RAMANEWS,Shree Rama Newsprint Limited
MAANALU,Maan Aluminium Limited
MANAKSTEEL,Manaksia Steels Limited
GIRRESORTS,GIR Natureview Resorts Limited
SIL,Standard Industries Limited
SUPERHOUSE,Superhouse Limited
INVENTURE,Inventure Growth & Securities Limited
TIRUPATIFL,Tirupati Forge Limited
GULFPETRO,GP Petroleums Limited
MBLINFRA,MBL Infrastructure Limited
SPLIL,SPL Industries Limited
PRAXIS,Praxis Home Retail Limited
MANGALAM,Mangalam Drugs And Organics Limited
SUULD,Suumaya Industries Limited
SHREYANIND,Shreyans Industries Limited
MODISONLTD,MODISON LIMITED
SARVESHWAR,Sarveshwar Foods Limited
SADBHIN,Sadbhav Infrastructure Project Limited
AKSHARCHEM,AksharChem India Limited
ARSHIYA,Arshiya Limited
BOHRAIND,Bohra Industries Limited
SIGMA,Sigma Solve Limited
VETO,Veto Switchgears And Cables Limited
AIRAN,Airan Limited
VISESHINFO,Visesh Infotecnics Limited
PALREDTEC,Palred Technologies Limited
VIPULLTD,Vipul Limited
SECURKLOUD,SECUREKLOUD TECHNOLOGIES LIMITED
KOHINOOR,Kohinoor Foods Limited
PREMIERPOL,Premier Polyfilm Limited
ESSARSHPNG,Essar Shipping Limited
MAHESHWARI,Maheshwari Logistics Limited
TIL,TIL Limited
BSL,BSL Limited
KANPRPLA,Kanpur Plastipack Limited
TIPSFILMS,Tips Films Limited
JAINAM,Jainam Ferro Alloys (I) Limited
ISFT,Intrasoft Technologies Limited
RAJSREESUG,Rajshree Sugars & Chemicals Limited
RPPL,Rajshree Polypack Limited
FLFL,Future Lifestyle Fashions Limited
LOVABLE,Lovable Lingerie Limited
NITCO,Nitco Limited
BHARATGEAR,Bharat Gears Limited
PILITA,PIL ITALICA LIFESTYLE LIMITED
BEDMUTHA,Bedmutha Industries Limited
EMKAY,Emkay Global Financial Services Limited
RNAVAL,Reliance Naval and Engineering Limited
INDOTECH,Indo Tech Transformers Limited
RUCHINFRA,Ruchi Infrastructure Limited
XELPMOC,Xelpmoc Design And Tech Limited
SGIL,Synergy Green Industries Limited
MADHAVBAUG,Vaidya Sane Ayurved Laboratories Limited
SMSLIFE,SMS Lifesciences India Limited
TRF,TRF Limited
LOKESHMACH,Lokesh Machines Limited
SMLT,Sarthak Metals Limited
IL&FSENGG,IL&FS Engineering and Construction Company Limited
PAR,Par Drugs And Chemicals Limited
IITL,Industrial Investment Trust Limited
MAHAPEXLTD,Maha Rashtra Apex Corporation Limited
ALMONDZ,Almondz Global Securities Limited
ASPINWALL,Aspinwall and Company Limited
ELGIRUBCO,Elgi Rubber Company Limited
PRITI,Priti International Limited
MODIRUBBER,Modi Rubber Limited
KRISHNADEF,Krishna Defence and Allied Industries Limited
VISASTEEL,Visa Steel Limited
PASHUPATI,Pashupati Cotspin Limited
A2ZINFRA,A2Z Infra Engineering Limited
SPTL,Sintex Plastics Technology Limited
WORTH,Worth Peripherals Limited
AARON,Aaron Industries Limited
COMPINFO,Compuage Infocom Limited
TIRUPATI,Shree Tirupati Balajee FIBC Limited
SIKKO,Sikko Industries Limited
EMMBI,Emmbi Industries Limited
ANMOL,Anmol India Limited
JOCIL,Jocil Limited
BYKE,The Byke Hospitality Ltd
ALPHAGEO,Alphageo (India) Limited
KBCGLOBAL,KBC Global Limited
ZODIAC,Zodiac Energy Limited
CEREBRAINT,Cerebra Integrated Technologies Limited
TEXMOPIPES,Texmo Pipes and Products Limited
GOLDSTAR,Goldstar Power Limited
RHFL,Reliance Home Finance Limited
ARTNIRMAN,Art Nirman Limited
DJML,DJ Mediaprint & Logistics Limited
GOLDTECH,Goldstone Technologies Limited
GAYAPROJ,Gayatri Projects Limited
GILLANDERS,Gillanders Arbuthnot & Company Limited
OBCL,Orissa Bengal Carrier Limited
BEWLTD,BEW Engineering Limited
WEIZMANIND,Weizmann Limited
AKSHOPTFBR,Aksh Optifibre Limited
UMAEXPORTS,Uma Exports Limited
WANBURY,Wanbury Limited
YAARI,Yaari Digital Integrated Services Limited
COMPUSOFT,Compucom Software Limited
ASCOM,Ascom Leasing & Investments Limited
LOTUSEYE,Lotus Eye Hospital and Institute Limited
KAKATCEM,Kakatiya Cement Sugar & Industries Limited
SHIVATEX,Shiva Texyarn Limited
ASIANHOTNR,Asian Hotels (North) Limited
JMA,Jullundur Motor Agency (Delhi) Limited
RANEENGINE,Rane Engine Valve Limited
DCI,Dc Infotech And Communication Limited
SETCO,Setco Automotive Limited
INTENTECH,Intense Technologies Limited
RVHL,Ravinder Heights Limited
3RDROCK,3rd Rock Multimedia Limited
ALANKIT,Alankit Limited
ASTRON,Astron Paper & Board Mill Limited
DCM,DCM  Limited
INDOWIND,Indowind Energy Limited
AKSHAR,Akshar Spintex Limited
URAVI,Uravi T and Wedge Lamps Limited
RPPINFRA,R.P.P. Infra Projects Limited
SURANAT&P,Surana Telecom and Power Limited
BALLARPUR,Ballarpur Industries Limited
SITINET,Siti Networks Limited
IRIS,Iris Business Services Limited
SVLL,Shree Vasu Logistics Limited
AVROIND,AVRO INDIA LIMITED
SOFTTECH,Softtech Engineers Limited
VAISHALI,Vaishali Pharma Limited
BTML,Bodhi Tree Multimedia Limited
TEMBO,Tembo Global Industries Limited
NOIDATOLL,Noida Toll Bridge Company Limited
JHS,JHS Svendgaard Laboratories Limited
ARCHIDPLY,Archidply Industries Limited
KSHITIJPOL,Kshitij Polyline Limited
INDBANK,Indbank Merchant Banking Services Limited
BHAGYANGR,Bhagyanagar India Limited
BALPHARMA,Bal Pharma Limited
ARVEE,Arvee Laboratories (India) Limited
VINNY,Vinny Overseas Limited
NPST,Network People Services Technologies Limited
PRITIKAUTO,Pritika Auto Industries Limited
RELCHEMQ,Reliance Chemotex Industries Limited
PROPEQUITY,P. E. Analytics Limited
STARTECK,Starteck Finance Limited
SALONA,Salona Cotspin Limited
MANAKALUCO,Manaksia Aluminium Company Limited
PALASHSECU,Palash Securities Limited
AVG,AVG Logistics Limited
UNITEDTEA,The United Nilgiri Tea Estates Company Limited
SMARTLINK,Smartlink Holdings Limited
LEMERITE,Le Merite Exports Limited
LEXUS,Lexus Granito (India) Limited
NILASPACES,Nila Spaces Limited
SHIGAN,Shigan Quantum Technologies Limited
REMSONSIND,Remsons Industries Limited
PODDARHOUS,Poddar Housing and Development Limited
GENCON,Generic Engineering Construction and Projects Limited
NDGL,Naga Dhunseri Group Limited
LASA,Lasa Supergenerics Limited
NIRAJ,Niraj Cement Structurals Limited
INDIANCARD,Indian Card Clothing Company Limited
UMANGDAIRY,Umang Dairies Limited
CORALFINAC,Coral India Finance & Housing Limited
IL&FSTRANS,IL&FS Transportation Networks Limited
SRPL,Shree Ram Proteins Limited
PANSARI,Pansari Developers Limited
HILTON,Hilton Metal Forging Limited
AHLADA,Ahlada Engineers Limited
ALPA,Alpa Laboratories Limited
ALKALI,Alkali Metals Limited
SUNDARAM,Sundaram Multi Pap Limited
CAPTRUST,Capital Trust Limited
PARIN,Parin Furniture Limited
IVP,IVP Limited
BAHETI,Baheti Recycling Industries Limited
SUNDRMBRAK,Sundaram Brake Linings Limited
SALSTEEL,S.A.L. Steel Limited
SHAHALLOYS,Shah Alloys Limited
AJRINFRA,AJR INFRA AND TOLLING LIMITED
BLBLIMITED,BLB Limited
SPECTRUM,Spectrum Electrical Industries Limited
GTL,GTL Limited
NECCLTD,North Eastern Carrying Corporation Limited
GANGESSECU,Ganges Securities Limited
AIROLAM,Airo Lam limited
ATLANTA,Atlanta  Limited
CCHHL,Country Club Hospitality & Holidays Limited
SPMLINFRA,SPML Infra Limited
NGIL,Nakoda Group of Industries Limited
SECURCRED,SecUR Credentials Limited
KAPSTON,Kapston Services Limited
MUKTAARTS,Mukta Arts Limited
AKG,Akg Exim Limited
GOLDENTOBC,Golden Tobacco Limited
OMAXAUTO,Omax Autos Limited
MANAKCOAT,Manaksia Coated Metals & Industries Limited
DAMODARIND,Damodar Industries Limited
MAHASTEEL,Mahamaya Steel Industries Limited
MRO-TEK,MRO-TEK Realty Limited
GAL,Gyscoal Alloys Limited
SIMBHALS,Simbhaoli Sugars Limited
AMDIND,AMD Industries Limited
VMARCIND,V Marc India Limited
FSC,Future Supply Chain Solutions Limited
PIONEEREMB,Pioneer Embroideries Limited
CTE,Cambridge Technology Enterprises Limited
LPDC,Landmark Property Development Company Limited
SURYALAXMI,Suryalakshmi Cotton Mills Limited
KRITIKA,Kritika Wires Limited
AMJLAND,Amj Land Holdings Limited
SIGIND,Signet Industries Limited
DRSDILIP,DRS Dilip Roadlines Limited
SURANASOL,Surana Solar Limited
ATALREAL,Atal Realtech Limited
LAGNAM,Lagnam Spintex Limited
LAMBODHARA,Lambodhara Textiles Limited
TARMAT,Tarmat Limited
PRAENG,Prajay Engineers Syndicate Limited
MOTOGENFIN,The Motor & General Finance Limited
UNIVASTU,Univastu India Limited
JAIPURKURT,Nandani Creation Limited
FIBERWEB,Fiberweb (India) Limited
SUVIDHAA,Suvidhaa Infoserve Limited
ANIKINDS,Anik Industries Limited
RKEC,RKEC Projects Limited
TAINWALCHM,Tainwala Chemical and Plastic (I) Limited
DIL,Debock Industries Limited
INCREDIBLE,INCREDIBLE INDUSTRIES LIMITED
PARTYCRUS,Party Cruisers Limited
TOUCHWOOD,Touchwood Entertainment Limited
WELINV,Welspun Investments and Commercials Limited
GROBTEA,The Grob Tea Company Limited
AUSOMENT,Ausom Enterprise Limited
BAGFILMS,B.A.G Films and Media Limited
SONAMCLOCK,Sonam Clock Limited
HPIL,Hindprakash Industries Limited
IZMO,IZMO Limited
PRESSMN,Pressman Advertising Limited
AAREYDRUGS,Aarey Drugs & Pharmaceuticals Limited
SHRENIK,Shrenik Limited
TOKYOPLAST,Tokyo Plast International Limited
LLOYDS,Lloyds Luxuries Limited
SUMIT,Sumit Woods Limited
STEELCITY,Steel City Securities Limited
DGCONTENT,Digicontent Limited
CELEBRITY,Celebrity Fashions Limited
BEARDSELL,Beardsell Limited
HINDCON,Hindcon Chemicals Limited
KANANIIND,Kanani Industries Limited
ENERGYDEV,Energy Development Company Limited
PROLIFE,Prolife Industries Limited
VIVIMEDLAB,Vivimed Labs Limited
FIDEL,Fidel Softech Limited
AGROPHOS,Agro Phos India Limited
KALYANIFRG,Kalyani Forge Limited
ROML,Raj Oil Mills Limited
BIOFILCHEM,Biofil Chemicals & Pharmaceuticals Limited
ELECTHERM,Electrotherm (India) Limited
AURDIS,Aurangabad Distillery Limited
PATINTLOG,Patel Integrated Logistics Limited
PRAKASHSTL,Prakash Steelage Limited
GICL,Globe International Carriers Limited
DOLLEX,Dollex Agrotech Limited
BHANDARI,Bhandari Hosiery Exports Limited
ARCHIES,Archies Limited
TARACHAND,Tara Chand InfraLogistic Solutions Limited
MITCON,MITCON Consultancy & Engineering Services Limited
DBSTOCKBRO,DB (International) Stock Brokers Limited
MCL,Madhav Copper Limited
SHIVAMILLS,Shiva Mills Limited
MORARJEE,Morarjee Textiles Limited
DHRUV,Dhruv Consultancy Services Limited
ANKITMETAL,Ankit Metal & Power Limited
CORDSCABLE,Cords Cable Industries Limited
MHHL,Mohini Health & Hygiene Limited
TREJHARA,TREJHARA SOLUTIONS LIMITED
BANKA,Banka BioLoo Limited
OILCOUNTUB,Oil Country Tubular Limited
DELTAMAGNT,Delta Manufacturing Limited
ARIHANTACA,Arihant Academy Limited
GSTL,Globesecure Technologies Limited
CENTEXT,Century Extrusions Limited
WIPL,The Western India Plywoods Limited
SHREERAMA,Shree Rama Multi-Tech Limited
FLEXITUFF,Flexituff Ventures International Limited
GEEKAYWIRE,Geekay Wires Limited
NITIRAJ,Nitiraj Engineers Limited
PKTEA,The Peria Karamalai Tea & Produce Company Limited
EXCEL,Excel Realty N Infra Limited
AAATECH,AAA Technologies Limited
ZENITHSTL,Zenith Steel Pipes & Industries Limited
TREEHOUSE,Tree House Education & Accessories Limited
KEYFINSERV,Keynote Financial Services Limited
SAMBHAAV,Sambhaav Media Limited
GLOBALVECT,Global Vectra Helicorp Limited
FEL,Future Enterprises Limited
GIRIRAJ,Giriraj Civil Developers Limited
AROGRANITE,Aro Granite Industries Limited
LATTEYS,Latteys Industries Limited
JBFIND,JBF Industries Limited
MAGNUM,Magnum Ventures Limited
AVSL,AVSL Industries Limited
PANACHE,Panache Digilife Limited
HISARMETAL,Hisar Metal Industries Limited
PIGL,Power & Instrumentation (Gujarat) Limited
AAKASH,Aakash Exploration Services Limited
PRECISION,Precision Metaliks Limited
SEPOWER,S.E. Power Limited
UMA,Uma Converter Limited
CMRSL,Cyber Media Research & Services Limited
GLOBE,Globe Textiles (India) Limited
INDSWFTLTD,Ind-Swift Limited
CINEVISTA,Cinevista Limited
ORIENTLTD,Orient Press Limited
REGENCERAM,Regency Ceramics Limited
NIDAN,Nidan Laboratories and Healthcare Limited
ROLTA,Rolta India Limited
MALUPAPER,Malu Paper Mills Limited
SHRADHA,Shradha Infraprojects Limited
MAHICKRA,Mahickra Chemicals Limited
MDL,Marvel Decor Limited
AGRITECH,Agri-Tech (India) Limited
RSSOFTWARE,R. S. Software (India) Limited
MOKSH,Moksh Ornaments Limited
MBECL,Mcnally Bharat Engineering Company Limited
BANG,Bang Overseas Limited
PENTAGOLD,Penta Gold Limited
AJOONI,Ajooni Biotech Limited
HYBRIDFIN,Hybrid Financial Services Limited
IPSL,Integrated Personnel Services Limited
HOVS,HOV Services Limited
ABMINTLLTD,ABM International Limited
HECPROJECT,HEC Infra Projects Limited
VINEETLAB,Vineet Laboratories Limited
BDR,BDR Buildcon Limited
PNC,Pritish Nandy Communications Limited
UJAAS,Ujaas Energy Limited
ARHAM,Arham Technologies Limited
SUPREMEINF,Supreme Infrastructure India Limited
TERASOFT,Tera Software Limited
PULZ,Pulz Electronics Limited
CUBEXTUB,Cubex Tubings Limited
VASWANI,Vaswani Industries Limited
AARVEEDEN,Aarvee Denims & Exports Limited
ACEINTEG,Ace Integrated Solutions Limited
BVCL,Barak Valley Cements Limited
RELIABLE,Reliable Data Services Limited
VIVIANA,Viviana Power Tech Limited
KKVAPOW,KKV Agro Powers Limited
MTEDUCARE,MT Educare Limited
BANARBEADS,Banaras Beads Limited
SUMEETINDS,Sumeet Industries Limited
NIBL,NRB Industrial Bearings Limited
SIDDHIKA,Siddhika Coatings Limited
AKASH,Akash Infra-Projects Limited
SANWARIA,Sanwaria Consumer Limited
LGHL,Laxmi Goldorna House Limited
KHANDSE,Khandwala Securities Limited
ABCOTS,A B Cotspin India Limited
GANGAFORGE,Ganga Forging Limited
WEWIN,WE WIN LIMITED
SUPERSPIN,Super Spinning Mills Limited
SOMICONVEY,Somi Conveyor Beltings Limited
NAGREEKEXP,Nagreeka Exports Limited
TIMESCAN,Timescan Logistics (India) Limited
MANUGRAPH,Manugraph India Limited
AISL,ANI Integrated Services Limited
LIBAS,Libas Consumer Products Limited
SGL,STL Global Limited
TIMESGTY,Times Guaranty Limited
SAGARDEEP,Sagardeep Alloys Limited
JETFREIGHT,Jet Freight Logistics Limited
KHFM,Khfm Hospitality And Facility Management Services Limited
AMBANIORG,Ambani Organics Limited
BURNPUR,Burnpur Cement Limited
VSCL,Vadivarhe Speciality Chemicals Limited
GODHA,Godha Cabcon & Insulation Limited
MRO,M.R. Organisation Limited
NEXTMEDIA,Next Mediaworks Limited
ARSSINFRA,ARSS Infrastructure Projects Limited
DKEGL,D.K. Enterprises Global Limited
PRITIKA,Pritika Engineering Components Limited
ADROITINFO,Adroit Infotech Limited
UCL,Ushanti Colour Chem Limited
PARASPETRO,Paras Petrofils Limited
AGNI,Agni Green Power Limited
ZENITHEXPO,Zenith Exports Limited
VARDMNPOLY,Vardhman Polytex Limited
BALKRISHNA,Balkrishna Paper Mills Limited
MADHUCON,Madhucon Projects Limited
RKDL,Ravi Kumar Distilleries Limited
AMBICAAGAR,Ambica Agarbathies & Aroma industries Limited
SONAHISONA,Sona Hi Sona Jewellers (Gujarat) Limited
DNAMEDIA,Diligent Media Corporation Limited
MEGAFLEX,Mega Flex Plastics Limited
PEARLPOLY,Pearl Polymers Limited
MADHAV,Madhav Marbles and Granites Limited
SWARAJ,Swaraj Suiting Limited
GOENKA,Goenka Diamond and Jewels Limited
ICDSLTD,ICDS Limited
LAXMICOT,Laxmi Cotspin Limited
SANGINITA,Sanginita Chemicals Limited
DHARSUGAR,Dharani Sugars & Chemicals Limited
MARSHALL,Marshall Machines Limited
SHAIVAL,Shaival Reality Limited
HBSL,HB Stockholdings Limited
TGBHOTELS,TGB Banquets And Hotels Limited
JETKNIT,Jet Knitwears Limited
COUNCODOS,Country Condo's Limited
SHUBHLAXMI,Shubhlaxmi Jewel Art Limited
JFLLIFE,Jfl Life Sciences Limited
FELIX,Felix Industries Limited
HEADSUP,Heads UP Ventures Limited
CROWN,Crown Lifters Limited
MINDPOOL,Mindpool Technologies Limited
ADL,Archidply Decor Limited
MILTON,Milton Industries Limited
VIVIDHA,Visagar Polytex Limited
KRIDHANINF,Kridhan Infra Limited
ROLLT,Rollatainers Limited
MERCATOR,Mercator Limited
KEEPLEARN,DSJ Keep Learning Limited
HAVISHA,Sri Havisha Hospitality and Infrastructure Limited
OMKARCHEM,Omkar Speciality Chemicals Limited
LFIC,Lakshmi Finance & Industrial Corporation Limited
UWCSL,Ultra Wiring Connectivity System Limited
NARMADA,Narmada Agrobase Limited
AMEYA,Ameya Precision Engineers Limited
RITEZONE,Rite Zone Chemcon India Limited
LCCINFOTEC,LCC Infotech Limited
CALSOFT,California Software Company Limited
SUPREMEENG,Supreme Engineering Limited
KARMAENG,Karma Energy Limited
SILLYMONKS,Silly Monks Entertainment Limited
FMNL,Future Market Networks Limited
SONUINFRA,Sonu Infratech Limited
EASTSILK,Eastern Silk Industries Limited
SOMATEX,Soma Textiles & Industries Limited
3PLAND,3P Land Holdings Limited
QUADPRO,Quadpro Ites Limited
REXPIPES,Rex Pipes And Cables Industries Limited
CYBERMEDIA,Cyber Media (India) Limited
CADSYS,Cadsys (India) Limited
VCL,Vaxtex Cotfab Limited
EDUCOMP,Educomp Solutions Limited
MOXSH,Moxsh Overseas Educon Limited
WALPAR,Walpar Nutritions Limited
OMFURN,Omfurn India Limited
SUBCAPCITY,International Constructions Limited
CMICABLES,CMI Limited
SILGO,Silgo Retail Limited
INFOMEDIA,Infomedia Press Limited
VIJIFIN,Viji Finance Limited
WILLAMAGOR,Williamson Magor & Company Limited
THOMASCOTT,Thomas Scott (India) Limited
JAKHARIA,JAKHARIA FABRIC LIMITED
VIVO,Vivo Collaboration Solutions Limited
ASLIND,ASL Industries Limited
MPTODAY,Madhya Pradesh Today Media Limited
DYNAMIC,Dynamic Services & Security Limited
ORIENTALTL,Oriental Trimex Limited
NKIND,NK Industries Limited
TFL,Transwarranty Finance Limited
RICHA,Richa Info Systems Limited
NAGREEKCAP,Nagreeka Capital & Infrastructure Limited
AMJUMBO,A and M Jumbo Bags Limited
21STCENMGM,21st Century Management Services Limited
SHANTI,Shanti Overseas (India) Limited
MASKINVEST,Mask Investments Limited
MOHITIND,Mohit Industries Limited
KHAITANLTD,Khaitan (India) Limited
SABAR,Sabar Flex India Limited
UNIINFO,Uniinfo Telecom Services Limited
MAKS,Maks Energy Solutions India Limited
TAPIFRUIT,Tapi Fruit Processing Limited
TANTIACONS,Tantia Constructions Limited
GAYAHWS,Gayatri Highways Limited
SETUINFRA,Setubandhan Infrastructure Limited
VEEKAYEM,Veekayem Fashion and Apparels Limited
ISHAN,Ishan International Limited
TIJARIA,Tijaria Polypipes Limited
ORTINLAB,Ortin Laboratories Limited
GUJRAFFIA,Gujarat Raffia Industries Limited
ONELIFECAP,Onelife Capital Advisors Limited
KAUSHALYA,Kaushalya Infrastructure Development Corporation Limited
VERA,Vera Synthetic Limited
METALFORGE,Metalyst Forgings Limited
SURANI,Surani Steel Tubes Limited
LYPSAGEMS,Lypsa Gems & Jewellery Limited
MITTAL,Mittal Life Style Limited
TNTELE,Tamilnadu Telecommunication Limited
AMIABLE,Amiable Logistics (India) Limited
ABINFRA,A B Infrabuild Limited
SMVD,SMVD Poly Pack Limited
CONTI,Continental Seeds and Chemicals Limited
NATNLSTEEL,National Steel And Agro Industries Limited
TECHIN,Techindia Nirman Limited
RMCL,Radha Madhav Corporation Limited
SPRL,Sp Refractories Limited
JALAN,Jalan Transolutions (India) Limited
DESTINY,Destiny Logistics & Infra Limited
S&SPOWER,S&S Power Switchgears Limited
KAVVERITEL,Kavveri Telecom Products Limited
KANDARP,Kandarp Digi Smart BPO Limited
PERFECT,Perfect Infraengineers Limited
ARENTERP,Rajdarshan Industries Limited
UMESLTD,Usha Martin Education & Solutions Limited
ANTGRAPHIC,Antarctica Limited
KALYANI,Kalyani Commercials Limited
SSINFRA,S.S. Infrastructure Development Consultants Limited
SHYAMTEL,Shyam Telecom Limited
CMMIPL,CMM Infraprojects Limited
ACCORD,Accord Synergy Limited
TVVISION,TV Vision Limited
RMDRIP,R M Drip and Sprinklers Systems Limited
BRIGHT,Bright Solar Limited
DCMFINSERV,DCM Financial Services Limited
PREMIER,Premier Limited
EUROTEXIND,Eurotex Industries and Exports Limited
RADAAN,Radaan Mediaworks India Limited
KCK,Kck Industries Limited
NORBTEAEXP,Norben Tea & Exports Limited
SATHAISPAT,Sathavahana Ispat Limited
AILIMITED,Abhishek Integrations Limited
CREATIVEYE,Creative Eye Limited
TARAPUR,Tarapur Transformers Limited
ALPSINDUS,Alps Industries Limited
ABNINT,A B N Intercorp Limited
GLFL,Gujarat Lease Financing Limited
VASA,Vasa Retail and Overseas Ltd
BKMINDST,Bkm Industries Limited
AHIMSA,Ahimsa Industries Limited
GRETEX,Gretex Industries Limited
SRIRAM,Shri Ram Switchgears Limited
TRANSWIND,Transwind Infrastructures Limited
NIRAJISPAT,Niraj Ispat Industries Limited
SKSTEXTILE,SKS Textiles Limited
LAKPRE,Lakshmi Precision Screws Limited
SABEVENTS,Sab Events & Governance Now Media Limited
INDLMETER,IMP Powers Limited
DRL,Dhanuka Realty Limited
MANAV,Manav Infra Projects Limited
BHALCHANDR,Bhalchandram Clothing Limited
INNOVATIVE,Innovative Tyres and Tubes Limited
MELSTAR,Melstar Information Technologies Limited
ABHISHEK,Abhishek Corporation Limited
AHLWEST,Asian Hotels (West) Limited
AIFL,Ashapura Intimates Fashion Limited
ALCHEM,Alchemist Limited
ANDHRACEMT,Andhra Cements Limited
ANSALAPI,Ansal Properties & Infrastructure Limited
ARCOTECH,Arcotech Limited
ARTEDZ,Artedz Fabs Limited
ASIL,Amit Spinning Industries Limited
ATCOM,Atcom Technologies Limited
ATLASCYCLE,Atlas Cycles (Haryana) Limited
ATNINTER,ATN International Limited
AUTOLITIND,Autolite (India) Limited
AUTORIDFIN,Autoriders Finance Limited
BANSAL,Bansal Multiflex Limited
BARTRONICS,Bartronics India Limited
BGLOBAL,Bharatiya Global Infomedia Limited
BHARATIDIL,Bharati Defence and Infrastructure Limited
BILENERGY,Bil Energy Systems Limited
BINANIIND,Binani Industries Limited
BIRLATYRE,Birla Tyres Limited
BLUEBLENDS,Blue Blends (I) Limited
BLUECHIP,Blue Chip India Limited
BLUECOAST,Blue Coast Hotels Limited
BRFL,Bombay Rayon Fashions Limited
CANDC,C & C Constructions Limited
CCCL,Consolidated Construction Consortium Limited
CELESTIAL,Celestial Biolabs Limited
CKFSL,Cox & Kings Financial Service Limited
CKPLEISURE,CKP Leisure Limited
COX&KINGS,Cox & Kings Limited
DIAPOWER,Diamond Power Infra Ltd
DIGJAMLMTD,Digjam Limited
DOLPHINOFF,Dolphin Offshore Enterprises (India) Limited
DQE,DQ Entertainment (International) Limited
DRCSYSTEMS,DRC Systems India Limited
DSKULKARNI,DS Kulkarni Developers Limited
EASTSUGIND,Eastern Sug & Inds Limited
EASUNREYRL,Easun Reyrolle Limited
EMCO,Emco Limited
EON,Eon Electric Limited
EUROCERA,Euro Ceramics Limited
EUROMULTI,Euro Multivision Limited
FEDDERELEC,Fedders Electric and Engineering Limited
FIVECORE,Five Core Electronics Limited
FRETAIL,Future Retail Limited
GAMMONIND,Gammon India Limited
GANGOTRI,Gangotri Textiles Limited
GBGLOBAL,GB Global Limited
GFSTEELS,Grand Foundry Limited
GISOLUTION,GI Engineering Solutions Limited
GITANJALI,Gitanjali Gems Limited
HINDNATGLS,Hindusthan National Glass & Industries Limited
ICSA,ICSA (India) Limited
IMPEXFERRO,Impex Ferro Tech Limited
INDOSOLAR,Indosolar Limited
IVRCLINFRA,IVRCL Limited
JAINSTUDIO,Jain Studios Limited
JIKIND,JIK Industries Limited
JINDCOT,Jindal Cotex Limited
JMTAUTOLTD,JMT Auto Limited
JPINFRATEC,Jaypee Infratech Limited
KEERTI,Keerti Knowledge and Skills Limited
KGL,Karuturi Global Limited
KSERASERA,KSS Limited
KSK,KSK Energy Ventures Limited
LAKSHMIEFL,Lakshmi Energy and Foods Limited
LEEL,LEEL Electricals Limited
MANPASAND,Manpasand Beverages Limited
MCDHOLDING,McDowell Holdings Limited
METKORE,Metkore Alloys & Industries Limited
MICEL,MIC Electronics Limited
MODTHREAD,Modern Thread Limited
MOHOTAIND,Mohota Industries Limited
MVL,MVL Limited
NAGAFERT,Nagarjuna Fertilizers and Chemicals Limited
NAKODA,Nakoda Limited
NITINFIRE,Nitin Fire Protection Industries Limited
NTL,Neueon Towers Limited
NUTEK,Nu Tek India Limited
OISL,OCL Iron and Steel Limited
OPAL,Opal Luxury Time Products Limited
OPTOCIRCUI,Opto Circuits (India) Limited
ORTEL,Ortel Communications Limited
PDPL,Parenteral Drugs (India) Limited
PINCON,Pincon Spirit Limited
POWERFUL,Powerful Technologies Limited
PRATIBHA,Pratibha Industries Limited
PRUDMOULI,Prudential Sugar Corporation Limited
PSL,PSL Limited
PUNJLLOYD,Punj Lloyd Limited
QUINTEGRA,Quintegra Solutions Limited
RAINBOWPAP,Rainbow Papers Limited
RAJRILTD,Raj Rayon Industries Limited
RAJVIR,Rajvir Industries Limited
RCOM,Reliance Communications Limited
RELCAPITAL,Reliance Capital Limited
RMMIL,Resurgere Mines & Minerals Limited
RUSHABEAR,Rushabh Precision Bearings Limited
SABTN,Sri Adhikari Brothers Television Network Limited
SANCO,Sanco Industries Limited
SBIHOMEFIN,SBI Home Finance Limited
SELMC,SEL Manufacturing Company Limited
SEYAIND,Seya Industries Limited
SHARONBIO,Sharon Bio-Medicine Limited
SHIRPUR-G,Shirpur Gold Refinery Limited
SICAL,Sical Logistics Limited
SIIL,Supreme (India) Impex Limited
SKIL,SKIL Infrastructure Limited
SONISOYA,Soni Soya Products Limited
SPENTEX,Spentex Industries Limited
SPYL,Shekhawati Poly-Yarn Limited
SREINFRA,SREI Infrastructure Finance Limited
STAMPEDE,Stampede Capital Limited
STERLINBIO,Sterling Biotech Limited
TALWALKARS,Talwalkars Better Value Fitness Limited
TALWGYM,Talwalkars Healthclubs Limited
TCIFINANCE,TCI Finance Limited
TECHNOFAB,Technofab Engineering Limited
TECILCHEM,TECIL Chemicals and Hydro Power Limited
THIRUSUGAR,Thiru Arooran Sugars Limited
TULSI,Tulsi Extrusions Limited
UNIPLY,Uniply Industries Limited
UNITY,Unity Infraprojects Limited
UNIVAFOODS,Univa Foods Limited
VALECHAENG,Valecha Engineering Limited
VALUEIND,Value Industries Limited
VICEROY,Viceroy Hotels Limited
VIDEOIND,Videocon Industries Limited
VISUINTL,Visu International Limited
WINSOME,Winsome Yarns Limited
WSI,W S Industries (I) Limited
ZICOM,Zicom Electronic Security Systems Limited
,
