,Headline,Date
0,"  HDFC Bank Q4 Results: Net profit rises 21% YoY to Rs 12,594 cr, asset quality stable",2023-04-15 15:11:00
1,  More evidence of easing price pressures in US to support risk appetite of commodities amid recession worries,2023-04-15 13:10:00
2,  44 smallcaps give double digit returns as market extends gains in third week,2023-04-15 12:35:00
3,  Know moneyness in Options for better strike selection: Shubham Agarwal,2023-04-15 09:21:00
4,"  Equity market rally continues in third week on favourable data, FII support",2023-04-15 08:44:00
5,"  Wall Street dips to lower close as rate hike bets firm, banks jump",2023-04-15 08:26:00
6,  Daily Voice | This fund manager believes IT sector's risk-reward ratio remains biased towards the downside,2023-04-15 06:44:00
7,  Infosys Q4 FY23 – What’s the right level to bottom-fish after a complete washout quarter?,2023-04-15 01:02:00
8,  Invesco to sell 5.65% stake in Zee Entertainment via block deals: Sources,2023-04-14 21:21:00
9,"What should investors do in Infosys stock price after Q4 prints, buy or sell?",2023-04-15 23:20:00
10,"Markets will react to Infosys, HDFC Bank Q4 on Mon. What to expect in the week?",2023-04-15 21:09:00
11,Mukul Mahavir Agarwal added this multibagger stock to his portfolio in Q4 which rallied over 120% YTD,2023-04-15 21:03:00
12,Ace investor Mukul Agarwal bought stake in this multibagger stock that rallied over 110% in 1 year,2023-04-15 19:59:00
13,"FPIs invest ₹8,767 cr in equities in Apr so far; IT stocks may see selling",2023-04-15 18:48:00
14,Muthoot Finance to turn ex-dividend next week worth 220%: Should you buy?,2023-04-15 18:27:00
15,What’s triggering ICICI Sec to see over 95% upside targeting a new all-time high on this metal stock?,2023-04-15 16:01:00
16,"Mid cap stock to pay ₹15 per share dividend soon, FIIs raise stake in Q3",2023-04-15 15:29:00
17,"Mukul Agarwal portfolio stock declares 125% dividend, PAT and revenue surges in Q4",2023-04-15 14:46:00
18,Want to Beat the Stock Market? Avoid the Cost of ‘Being Human’,2023-04-15 14:18:00
19,How to build portfolio by investing in stock market — explained,2023-04-15 14:15:00
20,"Vedanta, PFC to Coal India: 5 dividend stocks to look at amid results season",2023-04-15 11:32:00
21,3:1 bonus shares: Multibagger SME IPO gives 1900% return in two years,2023-04-15 09:48:00
22,Rekha Jhunjhunwala keeps faith in this ₹290 stock. Should you buy?,2023-04-15 08:35:00
23,"Tanla Platforms to consider dividend soon, scrip trading at a dividend yield of 1.29%",2023-04-14 22:55:00
24,"FMCG sector may show volume uptick on price cuts in Q4, but soft rural demand",2023-04-14 21:04:00
25,"Board of Vedanta approves NCDs worth up to ₹2,100 Cr",2023-04-15 08:21:00
26,"Ace investor Porinju Veliyath bought a stake in this multibagger penny stock, scrip hit 5% upper circuit",2023-04-15 08:20:00
27,"Mutual funds: Young women investors choose MFs, investor base jumps 50% in 3 years",2023-04-15 17:39:00
28,"HDFC Bank announces Rs 19/share dividend, highest-ever since listing",2023-04-15 16:03:00
29,Adani Group firm shareholdings: Who owns how much in Adani stocks,2023-04-15 13:34:00
30,Weekly Top Picks: 3 stocks with consistent score improvement and upside potential of up to 20 %,2023-04-15 12:50:00
31,How ChatGPT can be a helpful assistant in the investment process,2023-04-15 17:56:00
32,High ROE: 5 stocks with the key elements for long term wealth creation,2023-04-15 12:10:00
33,Chemically yours: 4 speciality chemical stocks with an upside potential up to 30%,2023-04-15 11:42:00
34,Victor Niederhoffer's tips to achieve investment success,2023-04-15 12:49:00
35,5 pieces of wisdom from marquee fund managers to ace the index,2023-04-15 11:21:00
36,"From Kitkat to Maggi, here is how much Nestle earns from its products",2023-04-15 11:03:00
37,Bulls had gala time on Dalal Street as 46 smallcap stocks give double-digit weekly returns,2023-04-15 10:35:00
38,5 world market themes for the week ahead,2023-04-15 14:37:00
39,Wall Street Week Ahead: Consumer stocks' earnings may offer clues on US economy's resilience,2023-04-15 10:00:00
40,JPMorgan amasses deposits as customers move money to largest US bank,2023-04-15 09:47:00
41,China AI stocks frenzy loses steam as earnings doubts creep in,2023-04-15 09:43:00
42,Federal Reserve backs UBS purchase of Credit Suisse US units,2023-04-15 09:38:00
43,"Bank stress, inflation and rising recession odds fail to sway stocks",2023-04-15 09:33:00
44,"US stock market: S&P 500, Dow dip to lower close as rate hike bets firm, banks jump",2023-04-15 08:27:00
45,Merged HDFC entity likely to get fresh $3-billion inflow from overseas passive funds,2023-04-15 07:46:00
46,"CPPIB, OMERS on road to Rs 4,300 crore infusion in IndInfravit",2023-04-15 07:52:00
47,"IDBI Bank, PNB Housing , Sicom in push to offload bad loans",2023-04-15 07:34:00
